fromLib,toLib,score,relationship_type,confidence,evidence_summary
antlr:antlr,org.jboss.weld.module:weld-jsf,3,FRAMEWORK_INTEGRATION,High,"This library represents a 'Framework Integration' for the JavaServer Faces (JSF) ecosystem. It is part of the Weld project, which is the reference implementation of CDI (Contexts and Dependency Injection). The 'weld-jsf' module specifically integrates Weld with JSF, ensuring seamless dependency injection and context management in JSF applications. While it does not directly relate to ANTLR's parsing capabilities, it serves a structural role in the broader Java EE ecosystem, providing integration points for frameworks like JSF. Migration to this library would be relevant for projects transitioning to modern Java EE or Jakarta EE standards."
antlr:antlr,org.antlr:antlr-runtime,3,MODULARIZATION,High,"The library `org.antlr:antlr-runtime` is part of the ANTLR ecosystem and serves as the runtime component for ANTLR 3. It is not a direct successor or replacement for `antlr:antlr` (ANTLR 4). Instead, it represents a modularization of the ANTLR project, where the runtime is separated from the core tool. The README.md from the ANTLR4 repository confirms that ANTLR4 is actively maintained and does not indicate any migration to a new groupId or artifactId. Therefore, this is not an evolutionary successor but a modular component for a different version of ANTLR."
args4j:args4j,net.sf.jopt-simple:jopt-simple,3,COMPETITOR,High,"This library is a 'Competitor' that addresses the same core problem of Java command-line argument parsing. While args4j uses annotations, jopt-simple employs a fluent builder API. Both solve the fundamental challenge of CLI parsing in Java applications with similar feature sets including type handling, automatic help generation, and option validation. A developer would choose jopt-simple for its minimal dependencies and straightforward API, though migration would require significant code restructuring from annotation-based to builder-pattern implementation."
backport-util-concurrent:backport-util-concurrent,commons-pool:commons-pool,3,MODERN_REPLACEMENT,Medium,"This library provides a modern approach to resource pooling, solving the same core problem as the source library but with a more generalized implementation. While not a direct concurrency utility, it offers similar resource management patterns that developers would use today for managing reusable objects in concurrent environments. Migration would involve adapting from thread pools to generic object pools."
backport-util-concurrent:backport-util-concurrent,jgroups:jgroups,3,COMPETITOR,Medium,"While primarily a cluster communication framework, it provides some concurrency utilities for distributed systems. A developer might use it today for concurrent operations in clustered environments, though it solves distributed communication problems rather than general-purpose thread management."
backport-util-concurrent:backport-util-concurrent,org.apache.geronimo.bundles:httpcore,3,SHADED_LIBRARY,Medium,"This library is an OSGi bundle that wraps the httpcore functionality, indicating a 'Shaded/Repackaged/Bundled Library' relationship. It provides a repackaged version of the original httpcore library, likely to avoid version conflicts in OSGi environments. Migration would involve replacing direct dependencies with this bundled version."
backport-util-concurrent:backport-util-concurrent,org.apache.geronimo.bundles:woden-impl-dom,3,SHADED_LIBRARY,Medium,"This library is an OSGi bundle that wraps the woden-impl-dom functionality, indicating a 'Shaded/Repackaged/Bundled Library' relationship. It provides a repackaged version of the original library, likely for compatibility in OSGi environments. Migration would involve replacing direct dependencies with this bundled version."
backport-util-concurrent:backport-util-concurrent,org.apache.servicemix.bundles:org.apache.servicemix.bundles.commons-io,3,SHADED_LIBRARY,Medium,"This library is an OSGi bundle that wraps the commons-io functionality, indicating a 'Shaded/Repackaged/Bundled Library' relationship. It provides a repackaged version of the original commons-io library, likely for compatibility in OSGi environments. Migration would involve replacing direct dependencies with this bundled version."
backport-util-concurrent:backport-util-concurrent,org.mule.modules:mule-module-1to2migration,3,FRAMEWORK_INTEGRATION,High,"This library represents a 'Framework Integration' for Mule, specifically designed to bridge users from Mule 1.x to Mule 2.0. It is not a direct successor to the source library but serves a transitional role within the Mule ecosystem. Migration would involve using this module as part of a broader framework upgrade strategy."
cglib:cglib,net.bytebuddy:byte-buddy,3,MODERN_REPLACEMENT,High,"Byte Buddy is a 'Modern Functional Replacement' that solves the core problem of runtime bytecode generation and proxying with a superior approach. While cglib was the historical solution for frameworks like Spring and Hibernate, Byte Buddy offers a more flexible, performant, and actively maintained API with better Java version support. Developers would choose Byte Buddy today for new projects requiring dynamic class generation, as it provides a cleaner, more extensible foundation that aligns with modern Java best practices. Migration would involve adopting Byte Buddy's fluent API but solves the same fundamental problems."
cglib:cglib,org.springframework.boot:spring-boot-starter,3,FRAMEWORK_INTEGRATION,High,"This library represents a 'Framework Integration via Starter Package'. It is the core starter for Spring Boot applications, providing auto-configuration, logging, and YAML support. This means migration involves shifting the dependency from the original library to this starter package in the build file."
cglib:cglib,org.springframework.boot:spring-boot-starter-web,3,FRAMEWORK_INTEGRATION,High,"This library represents a 'Framework Integration via Starter Package'. It is the canonical way to incorporate web functionality in Spring Boot applications, replacing the need to manually manage dependencies like Tomcat or Jetty. This means migration involves shifting the dependency from the original library to this starter package in the build file."
cglib:cglib,org.springframework.boot:spring-boot-starter-test,3,FRAMEWORK_INTEGRATION,High,"This library represents a 'Framework Integration via Starter Package'. It provides a curated set of testing libraries for Spring Boot applications, ensuring compatibility and ease of use. This means migration involves shifting the dependency from the original library to this starter package in the build file."
cglib:cglib,org.springframework.boot:spring-boot-starter-aop,3,FRAMEWORK_INTEGRATION,High,"This library represents a 'Framework Integration via Starter Package'. It simplifies the use of Aspect-Oriented Programming (AOP) in Spring Boot applications, including support for CGLIB proxies. This means migration involves shifting the dependency from the original library to this starter package in the build file."
cglib:cglib,org.mybatis.spring.boot:mybatis-spring-boot-starter,3,FRAMEWORK_INTEGRATION,High,"This library represents a 'Framework Integration via Starter Package'. It simplifies the integration of MyBatis with Spring Boot, providing a curated set of dependencies and configurations. This means migration involves shifting the dependency from the original library to this starter package in the build file."
cglib:cglib,org.mockito:mockito-core,3,FRAMEWORK_INTEGRATION,High,"Mockito uses cglib internally for creating mock objects but is not a functional replacement. It's a testing framework that leverages cglib's proxying capabilities rather than providing alternative bytecode generation functionality. Developers would use Mockito for testing purposes, not as a replacement for low-level bytecode manipulation."
cglib:cglib,org.springframework:spring-context,3,FRAMEWORK_INTEGRATION,High,"Spring Context uses cglib internally for bean proxying but is not a functional replacement. It provides application context implementation for dependency injection that leverages cglib rather than replacing its functionality. Developers would use this for Spring application development, not as a bytecode generation alternative."
cglib:cglib,org.springframework:spring-tx,3,FRAMEWORK_INTEGRATION,High,"Spring Transaction Management uses cglib internally for transactional proxies but is not a functional replacement. It provides declarative transaction management that leverages cglib's proxying capabilities rather than offering alternative bytecode generation. Developers would use this for transaction management, not as a cglib substitute."
cglib:cglib,org.springframework:spring-jdbc,3,FRAMEWORK_INTEGRATION,High,"Spring JDBC uses cglib internally for data access operations but is not a functional replacement. It provides JDBC abstraction utilities that leverage cglib rather than providing comparable bytecode generation features. Developers would use this for database access, not as a proxying library alternative."
cglib:cglib,org.springframework:spring-web,3,FRAMEWORK_INTEGRATION,High,"Spring Web uses cglib internally for web-related proxying but is not a functional replacement. It provides web-specific integration features that leverage cglib's capabilities rather than replacing them. Developers would use this for web application development, not as a bytecode manipulation alternative."
ch.qos.logback:logback-classic,org.springframework.boot:spring-boot-starter-logging,3,MODERN_REPLACEMENT,High,"This library is a 'Modern Replacement' for direct logging implementations like logback-classic. It is the default logging framework included in Spring Boot, simplifying dependency management by providing a curated set of logging libraries ensuring compatibility. Migration involves using this starter package as the primary logging dependency."
ch.qos.logback:logback-classic,org.apache.logging.log4j:log4j-core,3,MODERN_REPLACEMENT,High,"This library is a 'Modern Functional Replacement' that addresses the core problem of high-performance Java logging. Log4j2 offers significant performance improvements over Logback, especially in multi-threaded environments, with features like asynchronous loggers using the LMAX Disruptor. A developer would choose it for applications requiring maximum logging throughput and low latency."
ch.qos.logback:logback-classic,org.apache.logging.log4j:log4j-slf4j-impl,3,MODERN_REPLACEMENT,High,"This library is a 'Modern Functional Replacement' that solves the core problem of integrating Log4j2 with SLF4J. It provides native SLF4J binding for Log4j2, offering high-performance asynchronous logging and advanced filtering. A developer would choose it today to leverage Log4j2's superior multi-threaded performance while maintaining SLF4J compatibility."
ch.qos.logback:logback-classic,org.springframework.boot:spring-boot-dependencies,3,BOM,High,"This library is a 'Bill of Materials (BOM)' that manages the versions of all dependencies for Spring Boot projects, including logging libraries. It ensures compatibility across the ecosystem by providing a curated set of versions, simplifying dependency management for logging and other functionalities."
ch.qos.logback:logback-classic,org.springframework.boot:spring-boot-starter-web,3,FRAMEWORK_INTEGRATION,High,"This library represents a 'Framework Integration via Starter Package'. It includes spring-boot-starter-logging as a transitive dependency, providing the canonical way to incorporate logging in Spring Boot web applications. This means migration involves shifting the dependency management to this starter package in the build file."
ch.qos.logback:logback-classic,org.springframework.boot:spring-boot-starter-security,3,FRAMEWORK_INTEGRATION,High,"This library represents a 'Framework Integration via Starter Package'. While it does not directly replace logging implementations, it integrates security features within the Spring Boot framework, managing dependencies to ensure compatibility with the ecosystem, including logging."
ch.qos.logback:logback-classic,org.springframework.boot:spring-boot-starter-data-jpa,3,FRAMEWORK_INTEGRATION,High,"This library represents a 'Framework Integration via Starter Package'. It does not directly replace logging implementations but integrates JPA with Spring Boot, managing dependencies to ensure compatibility with the ecosystem, including logging."
ch.qos.logback:logback-classic,org.mybatis.spring.boot:mybatis-spring-boot-starter,3,FRAMEWORK_INTEGRATION,High,"This library represents a 'Framework Integration via Starter Package'. While it does not directly relate to logging implementations, it integrates MyBatis with Spring Boot, managing dependencies to ensure compatibility with the ecosystem, including logging."
ch.qos.logback:logback-classic,org.slf4j:slf4j-simple,3,Specialized Functional Replacement,High,"This library is a 'Specialized Functional Replacement' for basic logging needs. It provides a minimal SLF4J binding that outputs to System.err, solving the core problem of simple logging in development environments. A developer might choose it for small utilities or tests where full logging framework features are unnecessary."
ch.qos.logback:logback-classic,org.slf4j:slf4j-log4j12,3,Specialized Functional Replacement,High,"This library is a 'Specialized Functional Replacement' that bridges SLF4J to Log4j 1.x. It solves the compatibility problem of using SLF4J API with legacy Log4j implementations. A developer might use it during migration from Log4j 1.x to modern logging frameworks, but it's not recommended for new projects."
ch.qos.logback:logback-classic,org.slf4j:slf4j-jdk14,3,Specialized Functional Replacement,High,"This library is a 'Specialized Functional Replacement' that binds SLF4J to java.util.logging (JUL). It solves the problem of integrating SLF4J with the JDK's built-in logging framework. A developer might choose it in environments constrained to JUL, but it lacks many advanced features of Logback."
ch.qos.logback:logback-classic,org.apache.logging.log4j:log4j-1.2-api,3,Specialized Functional Replacement,High,This library is a 'Specialized Functional Replacement' that provides compatibility for Log4j 1.x API on top of Log4j2. It solves migration problems for legacy applications but doesn't offer advantages over native Logback usage in new projects.
ch.qos.logback:logback-classic,org.apache.logging.log4j:log4j-jcl,3,Specialized Functional Replacement,Medium,"This library is a 'Specialized Functional Replacement' that bridges Apache Commons Logging to Log4j2. It solves compatibility problems in applications using Commons Logging, but doesn't directly replace Logback's functionality."
ch.qos.logback:logback-core,org.apache.logging.log4j:log4j-core,3,MODERN_REPLACEMENT,High,"Log4j2 Core is a 'Modern Functional Replacement' that addresses the core problem of application logging infrastructure. While Logback-core was designed as an efficient successor to Log4j 1.x, Log4j2 offers improved architecture with asynchronous loggers, better performance in concurrent environments, and a plugin system. Developers would choose Log4j2 today for its superior throughput, lower latency, and active maintenance, representing the current standard for enterprise Java logging. Migration would involve configuration changes and potential API adjustments."
ch.qos.logback:logback-core,com.lmax:disruptor,3,SPECIALIZED_FUNCTIONAL_REPLACEMENT,Medium,"The Disruptor library is a specialized solution addressing the performance aspect of logging systems. While not a logging framework itself, it solves the core problem of high-throughput, low-latency log processing that Logback-core handles through its appender architecture. Modern developers would use Disruptor with logging frameworks like Log4j2 to achieve asynchronous logging with minimal contention. This represents an evolution where specialized libraries enhance specific capabilities of logging systems rather than replacing them entirely."
ch.qos.logback:logback-core,org.springframework.boot:spring-boot-dependencies,3,BOM,High,"This library represents a 'Bill of Materials (BOM)'. It serves as a centralized dependency management tool for Spring Boot applications, ensuring compatibility and consistency across various components, including logging frameworks. For projects using Spring Boot, 'spring-boot-dependencies' is the canonical way to manage dependencies, including those related to logging, such as 'ch.qos.logback:logback-core'. This means migration involves shifting the dependency management from the original library to this BOM in the build file."
ch.qos.logback:logback-core,org.jboss.integration-platform:jboss-integration-platform-bom,3,BOM,High,"This library represents a 'Bill of Materials (BOM)'. It serves as a centralized dependency management tool for JBoss Integration Platform applications, ensuring compatibility and consistency across various components, including logging frameworks. For projects using JBoss, 'jboss-integration-platform-bom' is the canonical way to manage dependencies, including those related to logging. This means migration involves shifting the dependency management from the original library to this BOM in the build file."
commons-cli:commons-cli,com.beust:jcommander,3,MODERN_REPLACEMENT,High,"JCommander is a 'Modern Functional Replacement' that solves the core problem of command-line parsing with a more intuitive, annotation-based API. Unlike the verbose programmatic approach of Commons CLI, JCommander offers type-safe binding, automatic help generation, and better organization. Modern developers would choose it for its reduced boilerplate, strong community support, and alignment with contemporary Java coding practices."
commons-cli:commons-cli,args4j:args4j,3,MODERN_REPLACEMENT,High,Args4j is a 'Modern Functional Replacement' that addresses command-line parsing through annotation-driven configuration. It provides a more concise and type-safe approach compared to Commons CLI's programmatic API. Modern developers would prefer it for its reduced boilerplate code and better integration with contemporary Java development patterns.
commons-cli:commons-cli,org.apache.hive:hive-cli,3,Specialized Functional Replacement,Medium,"Hive CLI is a 'Specialized Functional Replacement' that provides a SQL-like interface for interacting with Hive. While not a direct replacement for Commons CLI's general-purpose parsing, it solves the specific problem of command-line interaction within the Hive ecosystem. Developers working with Hive would use this instead of Commons CLI for database queries, though it doesn't replace Commons CLI's API for building custom command-line applications."
commons-cli:commons-cli,org.apache.hadoop:hadoop-common,3,Specialized Functional Replacement,Medium,"Hadoop Common is a 'Specialized Functional Replacement' that includes utilities for shell command execution within the Hadoop ecosystem. While not a direct API replacement for Commons CLI, it solves the specific problem of executing system commands in distributed environments. Hadoop developers would use these utilities for command execution tasks, though it doesn't replace Commons CLI's argument parsing capabilities."
commons-codec:commons-codec,org.springframework.boot:spring-boot-starter-test,3,FRAMEWORK_INTEGRATION,High,"This library is a 'Framework Integration via Starter Package' for Spring Boot. It provides a curated set of testing libraries, including JUnit, Mockito, and AssertJ, ensuring seamless integration with Spring Boot applications. Migration involves shifting the dependency from individual testing libraries to this starter package for streamlined dependency management."
commons-codec:commons-codec,org.mybatis.spring.boot:mybatis-spring-boot-starter,3,FRAMEWORK_INTEGRATION,High,"This library is a 'Framework Integration via Starter Package' for MyBatis within Spring Boot. It simplifies the configuration and setup of MyBatis in Spring Boot applications, reducing boilerplate code. Migration involves replacing manual MyBatis configurations with this starter package for better integration and maintainability."
commons-codec:commons-codec,com.google.guava:guava,3,MODERN_REPLACEMENT,Medium,"Guava serves as a Modern Functional Replacement for certain encoding utilities. While Commons Codec focused on standalone encoding algorithms, Guava provides modern hashing utilities through its Hashing class (e.g., sha256(), md5()) and character encoding helpers. A developer would choose Guava today as it offers type-safe, fluent APIs for common encoding tasks while reducing dependency bloat, though it doesn't implement phonetic encoders like Soundex."
commons-codec:commons-codec,org.apache.commons:commons-lang3,3,COMPETITOR,Medium,Acts as a Cross-Technology Competitor for certain utilities. Commons Lang3 provides modern string encoding/decoding helpers like StringEscapeUtils and CharEncoding that overlap with some Commons Codec functionality. A developer might choose Lang3 for its broader utility set while using Java's native Base64 for encoding needs.
commons-codec:commons-codec,org.jboss.integration-platform:jboss-integration-platform-bom,3,BOM,High,"This library is a 'Bill of Materials' (BOM) artifact, which is used to manage dependency versions across the JBoss Integration Platform ecosystem. It ensures consistency and compatibility among various components. This means migration involves replacing direct dependencies with imports from this BOM to leverage its version management capabilities."
commons-codec:commons-codec,org.apache.hbase:hbase-protocol-shaded,3,SHADED_LIBRARY,Medium,"This library is a shaded version of the HBase protocol, repackaged to avoid version conflicts with other dependencies. It includes internal protocol classes used by HBase, making it a structural component rather than a direct functional library. Migration involves replacing the original protocol dependency with this shaded version to ensure compatibility."
commons-logging:commons-logging-api,org.slf4j:slf4j-api,3,MODERN_REPLACEMENT,High,"The SLF4J API is the modern standard logging facade that has officially replaced Jakarta Commons Logging (JCL). The official SLF4J documentation explicitly positions it as the recommended replacement for JCL, offering improved simplicity and flexibility. Multiple sources confirm this migration path, including official documentation and community consensus."
commons-logging:commons-logging-api,org.jboss.logging:jboss-logging,3,COMPETITOR,High,"JBoss Logging is a Cross-Technology Competitor that provides a modern logging facade API similar to SLF4J. While it solves the same core problem of abstracting logging implementations, it originates from the JBoss ecosystem rather than being a direct successor to Jakarta Commons Logging. A developer might choose this in JBoss-based environments, but SLF4J remains the broader industry standard for logging facades."
commons-logging:commons-logging-api,org.slf4j:jcl-over-slf4j,3,BOM,High,The jcl-over-slf4j library is a compatibility bridge that allows legacy libraries using Commons Logging to be redirected to use SLF4J. It is explicitly designed for migration purposes and is documented as part of the official SLF4J migration strategy. This is not a direct successor but rather a tool to facilitate the transition from Commons Logging to SLF4J.
com.alibaba:fastjson,com.fasterxml.jackson.core:jackson-databind,3,MODERN_REPLACEMENT,High,"Jackson Databind is a 'Modern Functional Replacement' for Fastjson, solving the core problem of secure JSON serialization/deserialization in Java. While Fastjson prioritized performance with security risks, Jackson provides robust type safety, comprehensive data binding, and proactive vulnerability management. Developers would choose Jackson today for its industry-standard status, Spring Boot integration, and mature security model - essential for modern applications handling untrusted JSON data."
com.alibaba:fastjson,com.google.code.gson:gson,3,MODERN_REPLACEMENT,High,"Gson is a 'Modern Functional Replacement' addressing Fastjson's core problem of Java-JSON conversion with superior security. Developed by Google, it provides simple POJO mapping, configurable serialization, and immunity to Fastjson's auto-type vulnerabilities. Developers would choose Gson for its zero-dependency design, Android compatibility, and trusted security record - particularly when handling external JSON sources."
com.alibaba:fastjson,com.fasterxml.jackson.core:jackson-core,3,MODERN_REPLACEMENT,High,"Jackson Core is a 'Modern Functional Replacement' providing the foundational streaming API for high-performance JSON processing. It solves Fastjson's core problem of efficient JSON handling while avoiding security anti-patterns. Developers would choose this for low-level JSON parsing/generation, offering better memory efficiency than Fastjson for large payloads and stream processing use cases."
com.alibaba:fastjson,org.springframework.boot:spring-boot-starter-web,3,MODERN_REPLACEMENT,High,"This library represents a 'Modern Replacement'. It is a starter package that includes the necessary dependencies for building web applications, including RESTful services. It integrates with JSON processing libraries like Jackson, which is the preferred and default library in Spring Boot. This aligns with the structural pattern of Rule 7, where the target library represents the 'best practice' for using the source library within a specific framework (e.g., Spring Boot)."
com.alibaba:fastjson,org.springframework.boot:spring-boot-dependencies,3,BOM,High,"This library represents a 'Bill of Materials (BOM)'. As a BOM, it manages the versions of multiple libraries, including JSON processing libraries like Jackson, Gson, and JSON-B. This aligns with the structural pattern of Rule 4, where a core distribution manages the version set for the source library's ecosystem. The BOM ensures consistent versions across dependencies, simplifying dependency management for projects using Spring Boot."
com.alibaba:fastjson,de.codecentric:spring-boot-admin-dependencies,3,BOM,Medium,"This library represents a 'Bill of Materials (BOM)'. As a BOM, it manages the versions of multiple libraries related to Spring Boot Admin, which is used for monitoring and managing Spring Boot applications. While not directly related to JSON processing, it follows the structural pattern of Rule 4 by managing the version set for the Spring Boot Admin ecosystem. This ensures consistent versions across dependencies, simplifying dependency management for projects using Spring Boot Admin."
com.alibaba:fastjson,org.springframework.cloud:spring-cloud-dependencies,3,BOM,Medium,"This library represents a 'Bill of Materials (BOM)'. As a BOM, it manages the versions of multiple libraries related to Spring Cloud, which is used for building distributed systems and microservices. While not directly related to JSON processing, it follows the structural pattern of Rule 4 by managing the version set for the Spring Cloud ecosystem. This ensures consistent versions across dependencies, simplifying dependency management for projects using Spring Cloud."
com.beust:jcommander,info.picocli:picocli,3,MODERN_REPLACEMENT,High,"Evidence indicates this is the modern replacement for jcommander. The official picocli website and numerous community discussions position picocli as the superior alternative to JCommander, with active development and enhanced features like ANSI colors and autocompletion. Multiple sources confirm that JCommander is no longer actively maintained and has been largely superseded by picocli."
com.beust:jcommander,org.jboss.integration-platform:jboss-integration-platform-bom,3,BOM,High,"The 'org.jboss.integration-platform:jboss-integration-platform-bom' is a Bill of Materials (BOM) that manages version sets for various Java libraries and tools within the JBoss ecosystem. While it includes version declarations for multiple dependencies, there is no evidence that it serves as a functional replacement for 'com.beust:jcommander' in terms of command-line argument parsing capabilities. Instead, it is intended for dependency version management in enterprise applications."
com.beust:jcommander,org.gridkit.jvmtool:sjk-cli,3,Specialized Functional Replacement,Medium,"This library provides command-line parsing capabilities similar to jcommander as part of the Swiss Java Knife toolkit. It solves CLI construction problems using JCommander internally, but is specialized for JVM diagnostic tools rather than being a general-purpose replacement. A developer would use this if building JVM troubleshooting tools, but for general CLI applications, modern alternatives like picocli would be preferred."
com.carrotsearch:hppc,it.unimi.dsi:fastutil,3,MODERN_REPLACEMENT,High,"This library is a 'Modern Functional Replacement' that solves the core problem of high-performance primitive collections with superior community adoption and maintenance. While HPPC was a specialized solution, FastUtil has become the de facto standard offering comprehensive type-specific collections with JDK compatibility. Developers would choose FastUtil today for its active development, broader ecosystem integration, and proven performance in large-scale systems like search engines and data analytics."
com.carrotsearch:hppc,org.infinispan:infinispan-defaults-maven-plugin,3,BOM,High,"The infinispan-defaults-maven-plugin serves as a Maven plugin that provides default configurations and settings for Infinispan projects. It ensures consistent build configurations across the Infinispan ecosystem by applying standardized settings and defaults, which aligns with the Bill of Materials (BOM) pattern. This library simplifies the management of dependencies and configurations for projects using Infinispan, reducing the risk of version mismatches and configuration drift. Migration considerations involve ensuring that updated versions of this plugin are used to maintain compatibility with newer Infinispan releases."
com.fasterxml.jackson.core:jackson-annotations,org.apache.geronimo.specs:geronimo-jsonb_1.0_spec,3,MODERN_REPLACEMENT,Medium,"JSON-B is a 'Modern Functional Replacement' specification that provides a standardized annotation model for JSON binding. Developers would choose this for standards compliance and portability across implementations, though it uses different annotations (javax.json.bind.*)."
com.fasterxml.jackson.core:jackson-annotations,org.apache.johnzon:johnzon-jsonb,3,MODERN_REPLACEMENT,Medium,"As a JSON-B implementation, this is a 'Modern Functional Replacement' that provides a standardized approach to JSON binding. Developers might choose this for a lightweight, compliant alternative to Jackson's proprietary annotations."
com.fasterxml.jackson.core:jackson-annotations,com.fasterxml.jackson.datatype:jackson-datatype-joda,1,NO_RELATIONSHIP,High,This is an extension module that depends on jackson-annotations to provide Joda-Time support. It extends rather than replaces the source library's functionality.
com.fasterxml.jackson.core:jackson-annotations,org.codehaus.jackson:jackson-core-asl,1,NO_RELATIONSHIP,High,"This is the legacy version of Jackson (v1.x) that was succeeded by com.fasterxml.jackson. The source library is its modern replacement, not vice versa. No functional replacement relationship exists."
com.fasterxml.jackson.core:jackson-annotations,org.codehaus.jackson:jackson-mapper-asl,1,NO_RELATIONSHIP,High,"As with jackson-core-asl, this is the legacy mapper component replaced by modern Jackson. The source library represents its successor, not a functional alternative."
com.fasterxml.jackson.core:jackson-annotations,org.codehaus.jackson:jackson-jaxrs,1,NO_RELATIONSHIP,High,"Legacy JAX-RS integration for old Jackson (v1.x). The modern equivalent is com.fasterxml.jackson.jaxrs, which depends on the source library."
com.fasterxml.jackson.core:jackson-annotations,org.springframework.boot:spring-boot-starter-web,3,FRAMEWORK_INTEGRATION,Medium,"This library represents a 'Framework Integration' for Spring Boot web applications. While it does not directly replace 'com.fasterxml.jackson.core:jackson-annotations', it includes Jackson as part of its dependency set for JSON processing, making it the recommended way to use Jackson annotations in a Spring Boot web context."
com.fasterxml.jackson.core:jackson-annotations,org.springframework.boot:spring-boot-dependencies,3,BOM,High,"This library represents a 'Bill of Materials (BOM)' for the Spring Boot ecosystem. It manages the versions of all Spring Boot components, including those that depend on 'com.fasterxml.jackson.core:jackson-annotations', ensuring compatibility across the framework. This means migration involves shifting dependency management to the BOM for version consistency."
com.fasterxml.jackson.core:jackson-annotations,com.fasterxml.jackson:jackson-bom,3,BOM,High,"This library represents a 'Bill of Materials (BOM)' for the Jackson ecosystem. It manages the versions of all Jackson components, including 'com.fasterxml.jackson.core:jackson-annotations', ensuring compatibility across the entire suite. This means migration involves shifting dependency management to the BOM for version consistency."
com.fasterxml.jackson.core:jackson-annotations,org.springframework.boot:spring-boot-starter-test,1,NO_RELATIONSHIP,,No specific structural relationship was found after investigation. This library is focused on testing within the Spring Boot ecosystem and does not directly relate to the JSON annotation functionality of 'com.fasterxml.jackson.core:jackson-annotations'.
com.fasterxml.jackson.core:jackson-annotations,org.springframework.boot:spring-boot-starter-aop,1,NO_RELATIONSHIP,,No specific structural relationship was found after investigation. This library is focused on Aspect-Oriented Programming (AOP) within the Spring Boot ecosystem and does not directly relate to the JSON annotation functionality of 'com.fasterxml.jackson.core:jackson-annotations'.
com.fasterxml.jackson.core:jackson-annotations,org.springframework.boot:spring-boot-devtools,1,NO_RELATIONSHIP,High,This is a development utilities module that depends on jackson-annotations but doesn't provide annotation functionality itself. It solves different problems like automatic restart and live reload.
com.fasterxml.jackson.core:jackson-annotations,org.jboss.resteasy:resteasy-jackson-provider,1,NO_RELATIONSHIP,High,An integration module that enables Jackson (including its annotations) in RESTEasy. It depends on but doesn't replace the source library's annotation functionality.
com.fasterxml.jackson.core:jackson-annotations,com.fasterxml.jackson.jaxrs:jackson-jaxrs-json-provider,1,NO_RELATIONSHIP,High,Official JAX-RS provider that builds on jackson-annotations. It extends Jackson's capabilities for REST services but doesn't replace the annotation model.
com.fasterxml.jackson.core:jackson-annotations,io.dropwizard:dropwizard-util,1,NO_RELATIONSHIP,High,"Utility module that depends on jackson-annotations but doesn't provide annotation functionality. It contains helpers for configuration, logging, and other infrastructure concerns."
com.fasterxml.jackson.core:jackson-annotations,net.lightbody.bmp:browsermob-core-littleproxy,1,NO_RELATIONSHIP,High,Could not establish a functional relationship. This library is a browser automation tool/proxy that doesn't provide JSON annotation capabilities.
com.fasterxml.jackson.core:jackson-annotations,org.apache.geronimo.specs:geronimo-json_1.1_spec,1,NO_RELATIONSHIP,High,This JSON-P specification focuses on streaming/event-based JSON processing rather than annotation-based POJO binding. It solves a different problem domain.
com.fasterxml.jackson.core:jackson-annotations,com.google.code.gson:gson,3,COMPETITOR,High,Gson is a 'Cross-Technology Competitor' that solves the same core problem of JSON binding through its own annotation model. Developers might choose Gson for its simpler API or different performance characteristics. Migration would require changing to Gson-specific annotations.
com.fasterxml.jackson.core:jackson-core,org.springframework.boot:spring-boot-starter-json,3,FRAMEWORK_INTEGRATION,High,"This library represents a 'Framework Integration via Starter Package'. It integrates JSON processing libraries, including Jackson, within the Spring Boot ecosystem. This means migration involves shifting the JSON processing dependencies from individual libraries like `jackson-core` to this starter package in the build file."
com.fasterxml.jackson.core:jackson-core,org.springframework.boot:spring-boot-starter-web,3,FRAMEWORK_INTEGRATION,High,"This library represents a 'Framework Integration via Starter Package'. It integrates various libraries including Jackson for JSON processing within the Spring Boot ecosystem. For projects using Spring Boot, this starter package is the canonical way to incorporate web functionality, replacing the need to manually manage individual dependencies like `jackson-core`. This means migration involves shifting the dependency from the original library to this starter package in the build file."
com.fasterxml.jackson.core:jackson-core,com.fasterxml.jackson:jackson-bom,3,BOM,High,"This library represents a 'Bill of Materials (BOM)'. The Jackson BOM provides a curated set of compatible versions for all Jackson components, ensuring version compatibility across the Jackson ecosystem. This means migration involves using this BOM to manage versions of Jackson libraries like `jackson-core` and `jackson-databind` in a project's dependency management section."
com.fasterxml.jackson.core:jackson-core,org.springframework.boot:spring-boot-dependencies,3,BOM,High,"This library represents a 'Bill of Materials (BOM)'. It manages the versions of various dependencies used in the Spring Boot ecosystem, including Jackson. This means migration involves using this BOM to manage versions of libraries like `jackson-core` in a project's dependency management section."
com.fasterxml.jackson.core:jackson-core,org.apache.flink:flink-shaded-jackson,3,SHADED_LIBRARY,Medium,This library represents a 'Shaded / Repackaged / Bundled Library'. It includes a repackaged version of Jackson to avoid version conflicts within the Flink ecosystem. This means migration involves using this shaded version to ensure compatibility with Flink.
com.fasterxml.jackson.core:jackson-core,com.google.code.gson:gson,3,COMPETITOR,High,"Gson is a direct Cross-Technology Competitor that provides similar JSON processing capabilities. While Jackson Core focuses on efficient streaming APIs, Gson offers a simpler API for object serialization/deserialization. Developers might choose Gson for simpler use cases with less configuration overhead, though Jackson generally offers better performance for streaming and complex scenarios."
com.fasterxml.jackson.core:jackson-databind,com.fasterxml.jackson:jackson-bom,3,BOM,High,"This library represents a 'Bill of Materials' (BOM) relationship. The Jackson BOM provides a curated set of compatible versions for all Jackson components, including the source library `jackson-databind`. This ensures version consistency across the entire Jackson ecosystem. For projects using multiple Jackson libraries, adopting the BOM simplifies dependency management by guaranteeing compatibility. Migration involves adding the BOM to the dependency management section of the build file and removing explicit version declarations from individual Jackson dependencies."
com.fasterxml.jackson.core:jackson-databind,org.springframework.boot:spring-boot-dependencies,3,BOM,Medium,"This library represents a 'Bill of Materials' (BOM) relationship with framework integration. The Spring Boot dependencies BOM includes Jackson among many other libraries, providing version management for the entire Spring Boot ecosystem. It ensures compatibility between Jackson and other Spring components. For Spring Boot projects, this BOM simplifies dependency management by providing a cohesive set of versions across the framework. Migration involves importing the Spring Boot BOM and potentially removing explicit version declarations for Jackson and other dependencies."
com.fasterxml.jackson.core:jackson-databind,org.springframework.boot:spring-boot-starter-parent,3,FRAMEWORK_INTEGRATION,Medium,"This library represents a 'Framework Integration via Parent POM' relationship. The Spring Boot starter parent provides comprehensive project configuration for Spring Boot applications, including default settings for plugins, Java version, and encoding. While it doesn't directly replace Jackson, it integrates Jackson (including jackson-databind) as part of its default configuration. For Spring Boot projects, this parent POM simplifies project setup and ensures consistent configuration across the application. Migration involves setting this as the parent POM in the project configuration."
com.fasterxml.jackson.core:jackson-databind,org.codehaus.jackson:jackson-mapper-asl,3,MODERN_REPLACEMENT,High,"This library is the predecessor of Jackson Databind and provides similar JSON data binding functionality. However, Jackson Databind is the modern successor that offers improved performance, better Java 8+ compatibility, and enhanced features. Developers would choose Jackson Databind today as it's the actively maintained standard with wider framework support and a more extensible architecture."
com.fasterxml.jackson.core:jackson-databind,org.codehaus.jackson:jackson-core-asl,3,MODERN_REPLACEMENT,High,This is the legacy core component that Jackson Databind builds upon. Jackson Databind provides a higher-level abstraction for object mapping while maintaining compatibility with the streaming API. Modern developers would use Jackson Databind for its comprehensive data binding features rather than working directly with the low-level streaming API.
com.fasterxml.jackson.core:jackson-databind,com.google.code.gson:gson,3,COMPETITOR,High,"Gson is a direct competitor that provides similar JSON serialization/deserialization capabilities. It offers a simpler API and easier configuration for basic use cases, while Jackson Databind provides more advanced features for complex scenarios. Developers might choose Gson for straightforward applications with minimal dependencies, but would prefer Jackson Databind for enterprise applications requiring extensive customization and performance optimization."
com.github.cliftonlabs:json-simple,org.apache.camel:json-simple-ordered,3,MODERN_REPLACEMENT,High,"This library is a 'Modern Functional Replacement' that addresses the core problem of lightweight JSON parsing while improving on the source library. It maintains the same simplicity and dependency-free approach but adds crucial map ordering preservation - a common limitation in the original json-simple. A developer would choose this today for ordered JSON processing in constrained environments while maintaining minimal footprint, with migration requiring only minor API adjustments."
com.github.cliftonlabs:json-simple,org.json:json,3,COMPETITOR,High,"This library is a 'Cross-Technology Competitor' that solves the same core problem of lightweight JSON processing. As the original implementation that json-simple was forked from, it offers nearly identical functionality with the same zero-dependency approach. A developer might choose this today for maximum compatibility with legacy systems, though migration would involve adapting to slightly different API conventions while maintaining the same minimal footprint philosophy."
com.google.code.gson:gson,com.fasterxml.jackson.core:jackson-databind,3,MODERN_REPLACEMENT,High,"Jackson Databind is a 'Modern Functional Replacement' for Gson. Both solve the core problem of JSON serialization/deserialization in Java, but Jackson offers superior performance for complex data structures and large datasets. Jackson's annotation-based approach provides more configuration flexibility, making it the industry standard for enterprise applications. Developers would choose Jackson for its better memory efficiency and streaming API capabilities, though migration requires adapting to Jackson's more explicit configuration model."
com.google.code.gson:gson,com.squareup.moshi:moshi,3,MODERN_REPLACEMENT,High,"Moshi is a 'Modern Functional Replacement' for Gson, particularly in Android/Kotlin ecosystems. It solves the same JSON processing problem with a more modern, Kotlin-first approach and better performance through code generation. Developers would choose Moshi for new projects due to its efficiency and Kotlin compatibility, though migration from Gson requires API adjustments."
com.google.code.gson:gson,com.fasterxml.jackson.core:jackson-core,3,MODERN_REPLACEMENT,High,"Jackson Core is the foundational streaming parser for the Jackson ecosystem, serving as a 'Modern Functional Replacement' for Gson's core parsing capabilities. It solves the same fundamental problem of JSON processing but with a more efficient streaming API. Developers would choose Jackson Core for high-performance scenarios requiring low memory footprint, particularly when working with large JSON payloads."
com.google.code.gson:gson,com.alibaba:fastjson,3,COMPETITOR,Medium,"Fastjson is a 'Cross-Technology Competitor' to Gson, offering similar JSON processing capabilities with a focus on performance. It provides comparable serialization/deserialization features but originates from a different ecosystem (Alibaba). Developers might choose Fastjson for its claimed parsing speed, though it has faced security concerns. Migration would involve adapting to its API conventions."
com.google.code.gson:gson,org.springframework.boot:spring-boot-starter-web,3,FRAMEWORK_INTEGRATION,High,"This library represents a 'Framework Integration via Starter Package'. For projects using Spring Boot, 'spring-boot-starter-web' is the canonical way to incorporate web capabilities. While it defaults to using Jackson for JSON processing, it can be configured to use Gson instead. This means migration involves shifting the dependency from the original library to this starter package in the build file and configuring it to use Gson."
com.google.code.gson:gson,org.jboss.resteasy:resteasy-jackson2-provider,3,FRAMEWORK_INTEGRATION,High,This library is not a direct functional replacement but a 'Framework Integration' that incorporates Jackson for JAX-RS implementations. It solves the specific problem of JSON processing within RESTEasy frameworks rather than providing standalone JSON capabilities. Developers would use this when building RESTEasy-based services that require Jackson integration.
com.google.code.gson:gson,com.fasterxml.jackson.core:jackson-annotations,3,MODULARIZATION,High,"This library represents 'Modularization' of the Jackson ecosystem, providing annotation support rather than core JSON functionality. It solves the specific problem of customizing serialization/deserialization behavior but doesn't replace Gson's core capabilities. Developers would use this alongside other Jackson components for advanced configuration needs."
com.google.code.gson:gson,com.squareup.retrofit2:retrofit,3,FRAMEWORK_INTEGRATION,High,"Retrofit is a 'Framework Integration' rather than a JSON library replacement. It solves the higher-level problem of HTTP API consumption and can integrate with Gson or other JSON converters. Developers would use Retrofit in conjunction with Gson, not as a replacement, for network operations."
com.google.code.gson:gson,com.squareup.retrofit2:converter-scalars,3,FRAMEWORK_INTEGRATION,High,"This converter handles scalar types for Retrofit and represents 'Framework Integration' rather than a Gson replacement. It solves the specific problem of primitive type conversion in HTTP communications, not general JSON processing."
com.google.code.gson:gson,com.squareup.retrofit2:converter-gson,3,FRAMEWORK_INTEGRATION,High,This is a 'Framework Integration' that actually depends on Gson rather than replacing it. It solves the specific problem of integrating Gson with Retrofit for JSON processing in HTTP operations.
com.google.code.svenson:svenson,com.google.code.gson:gson,3,MODERN_REPLACEMENT,High,"Gson is a 'Modern Functional Replacement' that comprehensively addresses Svenson's core problem of JSON processing in Java. While Svenson was an early lightweight solution for Java 5, Gson represents the modern industry standard with superior performance, type-safe object mapping, and active maintenance. A developer would choose Gson today for its robust feature set including custom serializers/deserializers, streaming API support, and seamless integration with modern Java ecosystems. Migration from Svenson would involve adapting to Gson's more expressive API but provides significant benefits in maintainability and performance."
com.google.guava:guava,com.github.ben-manes.caffeine:caffeine,3,MODERN_REPLACEMENT,High,"This library is a 'Modern Functional Replacement' for Guava's caching module. While Guava Cache was innovative for its time, Caffeine offers superior performance, asynchronous loading, and improved eviction policies. A developer would choose Caffeine today for high-throughput caching needs as it solves the same core problem with modern Java best practices and better performance characteristics."
com.google.guava:guava,org.apache.commons:commons-lang3,3,COMPETITOR,High,"This library is a 'Cross-Technology Competitor' providing overlapping utility functionality with Guava. While not a complete replacement, it offers comparable string manipulation, validation, and basic utilities. A developer might choose Commons Lang3 for simpler projects or when already using other Apache Commons components, though it lacks Guava's advanced collections and functional programming features."
com.google.guava:guava,org.glassfish.jersey.bundles.repackaged:jersey-guava,3,SHADED_LIBRARY,High,This is a repackaged version of Guava specifically for the Jersey framework to avoid dependency conflicts. It's a drop-in replacement for the core Guava functionality within Jersey-based applications. A developer would use this when working with Jersey to ensure compatibility while maintaining Guava's utility features.
com.google.guava:guava,cz.seznam.euphoria:shaded-guava,3,SHADED_LIBRARY,High,This is a shaded Guava artifact designed to prevent dependency conflicts in complex projects like Apache Cassandra drivers. It's a direct functional equivalent to Guava but repackaged under a different namespace. Developers would choose this to avoid version conflicts while retaining all Guava functionality.
com.google.guava:guava,org.springframework.boot:spring-boot-starter-test,3,FRAMEWORK_INTEGRATION,High,"This library represents a 'Framework Integration & Starter'. It is a starter for testing Spring Boot applications, including libraries like JUnit Jupiter, Hamcrest, and Mockito. While it does not directly bundle or depend on com.google.guava:guava, it is part of the Spring Boot ecosystem, which may use Guava indirectly in other starters or components."
com.google.guava:guava,org.springframework.cloud:spring-cloud-dependencies,3,BOM,High,"This library represents a 'Bill of Materials (BOM)'. It manages the version set for Spring Cloud's entire technology ecosystem. While it does not directly bundle or depend on com.google.guava:guava, it may influence the versions of libraries used in Spring Cloud projects, including Guava."
com.google.guava:guava,com.google.code.findbugs:jsr305,3,FRAMEWORK_INTEGRATION,High,"This is not a replacement but a complementary annotation library used by Guava for nullability checking (@Nullable, @Nonnull). It provides standardization for static analysis tools rather than utility functions. Developers would use this alongside Guava for improved code quality analysis."
com.google.guava:guava,org.apache.hbase.thirdparty:hbase-shaded-miscellaneous,3,SHADED_LIBRARY,Medium,"This library represents a 'Shaded / Repackaged / Bundled Library'. It pulls down a set of libraries, relocates them, and creates a fat new jar with them all included. This suggests it may bundle or depend on the source library (com.google.guava:guava) to avoid version conflicts in the HBase ecosystem."
com.h2database:h2,org.springframework.boot:spring-boot-starter-test,3,FRAMEWORK_INTEGRATION,High,"This library represents a 'Framework Integration via Starter Package'. For projects using Spring Boot, 'spring-boot-starter-test' is the canonical way to incorporate testing. It includes H2 as a default in-memory database for testing purposes, ensuring compatibility with Spring's testing framework. This means migration involves shifting the dependency management from the original H2 library to this starter package in the build file, while maintaining the same underlying database functionality."
com.h2database:h2,org.apache.derby:derby,3,COMPETITOR,High,"This library is a 'Cross-Technology Competitor' that addresses the core problem of embedded relational databases in Java applications. While H2 has become the modern leader, Derby remains a viable alternative with similar embedded deployment capabilities. Developers might choose Derby for specific compatibility requirements or in legacy environments."
com.h2database:h2,mysql:mysql-connector-mxj,3,COMPETITOR,Medium,"This library is a 'Cross-Technology Competitor' that provides an embedded MySQL implementation. While it addresses similar embedded database needs, it's less actively maintained than H2 and follows a different architectural approach. Developers might choose this for specific MySQL compatibility requirements in embedded scenarios."
com.h2database:h2,org.hsqldb:hsqldb,3,COMPETITOR,High,"This library is a 'Cross-Technology Competitor' that directly addresses the same core problem of embedded SQL databases in Java. As H2's predecessor, HSQLDB offers similar capabilities but with different performance characteristics. Modern developers would typically choose H2 for its superior performance and features, but HSQLDB remains a viable alternative for specific compatibility needs."
com.h2database:h2,org.springframework.cloud:spring-cloud-dependencies,3,BOM,Medium,"This library represents a 'Bill of Materials (BOM)'. As a BOM, it manages version sets for the entire Spring Cloud ecosystem, which may include the H2 database indirectly through transitive dependencies. While not a direct successor to H2 itself, it plays a structural role in managing dependencies within the Spring ecosystem. This means migration would involve leveraging Spring Cloud's dependency management rather than manually managing H2 versions."
com.h2database:h2,org.springframework.boot:spring-boot-dependencies,3,BOM,High,"This library represents a 'Bill of Materials (BOM)'. As a BOM, it manages version sets for the entire Spring Boot ecosystem, including the H2 database. It ensures consistent versions across all Spring Boot components and their dependencies. This means migration involves leveraging Spring Boot's comprehensive dependency management rather than manually managing H2 versions, providing a curated set of libraries that work well together."
com.h2database:h2,org.ikasan:ikasan-h2-standalone-persistence,3,MODULARIZATION,High,"The ikasan-h2-standalone-persistence library is a specialized persistence module built on top of the H2 database, not a direct successor to com.h2database:h2. It is part of the Ikasan integration platform and leverages H2 as its underlying database engine while providing additional functionality specific to Ikasan's use cases. The library appears to be an extension rather than a continuation or official successor, as it adds functionality rather than replacing the original H2 database implementation."
com.hazelcast:hazelcast-client,org.ehcache:ehcache-clustered,3,COMPETITOR,High,"This library is a 'Cross-Technology Competitor' that addresses distributed caching needs similar to Hazelcast. Ehcache Clustered provides distributed caching capabilities with automatic rebalancing and enterprise features. Developers would choose it for simpler caching scenarios requiring a lightweight solution, though it lacks Hazelcast's comprehensive distributed computation services. Migration would involve adapting to Ehcache's API and may require additional components for full IMDG functionality."
com.hazelcast:hazelcast-client,org.springframework.data:spring-data-keyvalue,3,FRAMEWORK_INTEGRATION,Medium,"This is a 'Framework Integration' that can leverage Hazelcast as an underlying implementation. Spring Data KeyValue provides an abstraction layer for key-value stores, with Hazelcast being one supported backend. Developers would use this for Spring applications needing a unified API across different storage technologies. While not a direct replacement, it represents a modern approach to interacting with distributed stores through standardized Spring interfaces."
com.hazelcast:hazelcast-client,javax.cache:cache-api,3,MODERN_REPLACEMENT,Medium,"The 'cache-api' library represents the JCache (JSR 107) standard, which Hazelcast implements. While it does not replace Hazelcast directly, it provides a standardized API for caching, which Hazelcast supports. Migration could involve using this API to abstract caching logic, making it easier to switch between caching providers."
com.hazelcast:hazelcast-client,org.ehcache.modules:ehcache-core,3,COMPETITOR,High,"Ehcache is a competing in-memory data grid (IMDG) solution to Hazelcast. The 'ehcache-core' module provides core caching functionalities but does not serve as a structural successor to Hazelcast. It is a standalone alternative for caching needs, and migration would involve replacing Hazelcast with Ehcache, not integrating it."
com.hazelcast:hazelcast-client,org.infinispan:infinispan-osgi,3,COMPETITOR,High,"Infinispan is a direct competitor to Hazelcast, offering similar in-memory data grid capabilities. The 'infinispan-osgi' module provides OSGi support for Infinispan, but it does not serve as a structural successor to Hazelcast. Migration would involve replacing Hazelcast with Infinispan."
com.jayway.jsonpath:json-path,org.springframework.boot:spring-boot-starter-web,3,FRAMEWORK_INTEGRATION,High,"This library represents a 'Framework Integration via Starter Package'. It is the canonical way to build web applications with Spring Boot, including RESTful services. Migration involves shifting the dependency to this starter package for streamlined web development."
com.jayway.jsonpath:json-path,org.springframework.boot:spring-boot-starter-json,3,FRAMEWORK_INTEGRATION,High,"This library represents a 'Framework Integration via Starter Package'. It is designed to simplify JSON processing in Spring Boot applications by providing auto-configuration for Jackson, Gson, and JSON-B. This means migration involves shifting the dependency from the original library to this starter package in the build file, ensuring compatibility and streamlined configuration."
com.jayway.jsonpath:json-path,org.springframework.boot:spring-boot-starter-test,3,FRAMEWORK_INTEGRATION,High,"This library represents a 'Framework Integration via Starter Package'. It provides a curated set of testing libraries (JUnit Jupiter, Hamcrest, Mockito) for Spring Boot applications, replacing the need to manually manage these dependencies. Migration involves shifting the dependency to this starter package for streamlined testing."
com.jayway.jsonpath:json-path,org.mybatis.spring.boot:mybatis-spring-boot-starter,3,FRAMEWORK_INTEGRATION,High,"This library represents a 'Framework Integration via Starter Package'. It provides seamless integration of MyBatis with Spring Boot, simplifying database access. Migration involves shifting the dependency to this starter package for streamlined MyBatis usage."
com.jayway.jsonpath:json-path,de.codecentric:spring-boot-admin-starter-client,3,FRAMEWORK_INTEGRATION,Medium,"This library represents a 'Framework Integration via Starter Package'. It is part of the Spring Boot Admin ecosystem, providing client-side functionality for monitoring and managing Spring Boot applications. Migration involves adopting this starter for seamless integration with Spring Boot Admin."
com.jayway.jsonpath:json-path,org.springframework.boot:spring-boot-starter-cloud-connectors,3,FRAMEWORK_INTEGRATION,Medium,This library represents a 'Framework Integration via Starter Package'. It simplifies the integration of Spring Boot applications with cloud services. Migration involves adopting this starter for cloud connectivity.
com.jayway.jsonpath:json-path,com.taxonic.carml:carml-logical-source-resolver-jsonpath,3,FRAMEWORK_INTEGRATION,High,This library is a 'Framework Integration' that directly depends on Jayway JSONPath to solve JSON-related data extraction problems within the CARML framework. It demonstrates how the source library is integrated into larger solutions but doesn't replace its functionality.
com.spotify:hamcrest-optional,org.hamcrest:hamcrest,3,SPECIALIZED_FUNCTIONAL_REPLACEMENT,High,"The `org.hamcrest:hamcrest` library is the foundational framework upon which `com.spotify:hamcrest-optional` was built. While it does not have built-in matchers for `java.util.Optional`, it provides the essential `isPresent()` and `isEmpty()` matchers as part of its core API. The functionality of the Spotify library can be directly replicated by combining these core Hamcrest matchers—for example, using `isPresent()` to check for a non-empty Optional and `hasValue(T)` can be achieved with `isPresent()` and `equalTo(value)`. This makes the core Hamcrest library a 'Specialized Functional Replacement' because it provides the necessary primitives to solve the same problem of asserting on Optional types without requiring an external dependency. A developer would choose the core library to reduce their dependency footprint and maintain a simpler, more standard testing stack. Migration involves composing existing matchers instead of using the dedicated Spotify API."
com.squareup.okhttp3:okhttp,org.springframework.cloud:spring-cloud-starter-netflix-spectator,3,FRAMEWORK_INTEGRATION,High,"This library represents a 'Framework Integration via Starter Package'. For projects using Spring Cloud, 'spring-cloud-starter-netflix-spectator' is designed to integrate Netflix Spectator for monitoring and metrics collection within the Spring ecosystem. It replaces the need to manually manage Spectator by providing a curated set of dependencies, ensuring compatibility with Spring Cloud. This means migration involves shifting the dependency from the original library to this starter package in the build file."
com.squareup.okhttp3:okhttp,org.springframework.cloud:spring-cloud-starter-netflix-turbine-amqp,3,FRAMEWORK_INTEGRATION,High,"This library represents a 'Framework Integration via Starter Package'. For projects using Spring Cloud, 'spring-cloud-starter-netflix-turbine-amqp' is designed to integrate Netflix Turbine for aggregating metrics from multiple instances, specifically using AMQP as the transport. It replaces the need to manually manage Turbine by providing a curated set of dependencies, ensuring compatibility with Spring Cloud. This means migration involves shifting the dependency from the original library to this starter package in the build file."
com.squareup.okhttp3:okhttp,org.springframework.cloud:spring-cloud-starter-netflix-turbine,3,FRAMEWORK_INTEGRATION,High,"This library represents a 'Framework Integration via Starter Package'. For projects using Spring Cloud, 'spring-cloud-starter-netflix-turbine' is designed to integrate Netflix Turbine for aggregating metrics from multiple instances. It replaces the need to manually manage Turbine by providing a curated set of dependencies, ensuring compatibility with Spring Cloud. This means migration involves shifting the dependency from the original library to this starter package in the build file."
com.squareup.okhttp3:okhttp,org.springframework.cloud:spring-cloud-starter-netflix-hystrix-dashboard,3,FRAMEWORK_INTEGRATION,High,"This library represents a 'Framework Integration via Starter Package'. For projects using Spring Cloud, 'spring-cloud-starter-netflix-hystrix-dashboard' is designed to integrate Netflix Hystrix Dashboard for visualizing circuit breaker metrics. It replaces the need to manually manage Hystrix Dashboard by providing a curated set of dependencies, ensuring compatibility with Spring Cloud. This means migration involves shifting the dependency from the original library to this starter package in the build file."
com.squareup.okhttp3:okhttp,org.springframework.cloud:spring-cloud-starter-netflix-eureka-client,3,FRAMEWORK_INTEGRATION,High,"This library represents a 'Framework Integration via Starter Package'. For projects using Spring Cloud, 'spring-cloud-starter-netflix-eureka-client' is designed to integrate Netflix Eureka for service discovery. It replaces the need to manually manage Eureka by providing a curated set of dependencies, ensuring compatibility with Spring Cloud. This means migration involves shifting the dependency from the original library to this starter package in the build file."
com.squareup.okhttp3:okhttp,org.springframework.cloud:spring-cloud-starter-netflix-zuul,3,FRAMEWORK_INTEGRATION,High,"This library represents a 'Framework Integration via Starter Package'. For projects using Spring Cloud, 'spring-cloud-starter-netflix-zuul' is designed to integrate Netflix Zuul for routing and filtering HTTP requests. It replaces the need to manually manage Zuul by providing a curated set of dependencies, ensuring compatibility with Spring Cloud. This means migration involves shifting the dependency from the original library to this starter package in the build file."
com.squareup.okhttp3:okhttp,org.springframework.cloud:spring-cloud-starter-openfeign,3,FRAMEWORK_INTEGRATION,High,"This library represents a 'Framework Integration via Starter Package'. For projects using Spring Cloud, 'spring-cloud-starter-openfeign' is designed to integrate OpenFeign for declarative REST clients. It replaces the need to manually manage Feign by providing a curated set of dependencies, ensuring compatibility with Spring Cloud. This means migration involves shifting the dependency from the original library to this starter package in the build file."
com.squareup.okhttp3:okhttp,org.apache.nifi:nifi-grpc-nar,3,MODULARIZATION,High,"This library represents a 'Library Split / Modularization'. For projects using Apache NiFi, 'nifi-grpc-nar' is one of the modular components designed to handle gRPC protocol interactions. It is part of a larger, modular architecture that allows for focused functionality and easier maintenance. This means migration involves incorporating this specific module to handle gRPC-related tasks within the NiFi framework."
com.squareup.okhttp3:okhttp,org.apache.nifi:nifi-rethinkdb-nar,3,MODULARIZATION,High,"This library represents a 'Library Split / Modularization'. For projects using Apache NiFi, 'nifi-rethinkdb-nar' is one of the modular components designed to interact with RethinkDB. It is part of a larger, modular architecture that allows for focused functionality and easier maintenance. This means migration involves incorporating this specific module to handle RethinkDB-related tasks within the NiFi framework."
com.squareup.okhttp3:okhttp,com.squareup.retrofit2:retrofit,3,FRAMEWORK_INTEGRATION,High,"Retrofit is a complementary framework that builds upon OkHttp to provide type-safe REST client functionality. Rather than replacing OkHttp, it enhances it with declarative interfaces and response mapping. Developers would choose Retrofit to simplify API consumption while leveraging OkHttp's robust networking capabilities underneath. This represents an evolution where developers opt for higher-level abstractions while maintaining the same underlying transport mechanism."
com.squareup.okhttp3:okhttp,org.apache.httpcomponents:httpclient,3,COMPETITOR,High,"Apache HttpClient is a mature, feature-rich competitor that addresses the core problem of robust HTTP communication. While OkHttp provides more modern protocol support and automatic optimizations, Apache HttpClient offers extensive configurability and has been the enterprise standard for years. Developers would choose Apache HttpClient for its maturity in server-side Java environments, though migration from OkHttp would involve adapting to a more verbose API and potentially less efficient resource management."
com.thoughtworks.xstream:xstream,com.fasterxml.jackson.dataformat:jackson-dataformat-xml,3,MODERN_REPLACEMENT,High,"This library is a 'Modern Functional Replacement' that solves the core problem of XML serialization with enhanced security and modern standards. Unlike XStream, Jackson XML uses explicit mapping via annotations, preventing arbitrary code execution vulnerabilities. A developer would choose Jackson today for its robust security, seamless integration with JSON workflows, and industry-standard status. Migration would involve annotating classes and adjusting serialization configuration."
com.thoughtworks.xstream:xstream,com.sun.xml.bind:jaxb-impl,3,MODERN_REPLACEMENT,High,"This library represents the 'Modern Functional Replacement' as the standard Jakarta XML Binding implementation. JAXB solves the same core problem as XStream through schema-based binding and validation, eliminating security risks from arbitrary type deserialization. A developer would choose JAXB today for standards compliance, type safety, and integration with Jakarta EE ecosystems. Migration requires defining XML schemas and using JAXB annotations."
com.thoughtworks.xstream:xstream,org.jboss.integration-platform:jboss-integration-platform-bom,1,BOM,High,This library is a Bill of Materials (BOM) that manages the version set for projects involved in Integration Platforms. It does not directly relate to com.thoughtworks.xstream but serves as a structural component for dependency management within its ecosystem. This means that it could be used to manage dependencies related to integration platforms in a project.
com.thoughtworks.xstream:xstream,org.infinispan:infinispan-defaults-maven-plugin,1,FRAMEWORK_INTEGRATION,Medium,"This Maven plugin could be used for framework integration, providing defaults for Infinispan configurations. However, there is no direct evidence indicating a structural relationship with com.thoughtworks.xstream."
com.thoughtworks.xstream:xstream,org.infinispan:infinispan-feature-pack-server,1,MODULARIZATION,Medium,"Infinispan is an open-source in-memory database that can be modularized into different components. The feature pack server could be one of the modules that provide specific functionalities. However, there is no direct evidence indicating a structural relationship with com.thoughtworks.xstream."
dumbster:dumbster,org.subethamail:subethasmtp-wiser,3,MODERN_REPLACEMENT,High,"This library is a 'Modern Functional Replacement' that solves the core problem of testing email functionality without actual network transmission. While Dumbster provided a basic solution, SubEtha SMTP's Wiser component offers a more robust, actively maintained alternative with a cleaner API for storing and retrieving emails in memory. Developers would choose this today for its reliability in modern Java environments, explicit thread management, and comprehensive mail handling capabilities. Migration would involve adopting a more structured API for email inspection."
dumbster:dumbster,org.subethamail:subethasmtp,3,MODERN_REPLACEMENT,High,"As the core library for subethasmtp-wiser, this is a 'Modern Functional Replacement' for Dumbster. It provides the foundational SMTP server capabilities needed for email testing, with explicit documentation noting it was created to address Dumbster's limitations. Developers would choose this library for its active maintenance, cross-platform reliability, and extensible architecture. Migration would involve implementing the server components directly rather than using Dumbster's simplified wrapper."
io.netty:netty,org.asynchttpclient:async-http-client,3,FRAMEWORK_INTEGRATION,High,"This library is a 'Framework Integration' that builds upon Netty to solve the core problem of asynchronous HTTP communication. While it uses Netty as its underlying engine, it provides a higher-level abstraction specifically for HTTP clients. A developer would choose AsyncHttpClient today to solve HTTP communication needs with a simplified API while still benefiting from Netty's performance. Migration would involve adapting to a more HTTP-focused interface rather than working directly with network protocols."
io.netty:netty-all,org.apache.flink:flink-shaded-netty,3,SHADED_LIBRARY,High,"This library represents a 'Shaded / Repackaged / Bundled Library'. It is part of the Apache Flink shaded artifacts repository, which includes repackaged versions of Netty to avoid dependency conflicts in Flink applications. The shaded approach ensures compatibility and reduces the risk of version clashes, making it a structural successor to the original 'netty-all' artifact. Migration involves replacing 'netty-all' with this shaded variant in the build configuration."
io.netty:netty-all,org.apache.hbase.thirdparty:hbase-shaded-netty,3,SHADED_LIBRARY,High,"This library represents a 'Shaded / Repackaged / Bundled Library'. It is part of the Apache HBase Third Party repository and includes a shaded version of Netty to prevent dependency conflicts in HBase applications. The shading ensures isolation from other Netty versions, addressing the issues of 'JAR hell' and dependency conflicts. Migration involves replacing 'netty-all' with this shaded variant in the build configuration."
io.netty:netty-all,de.ruedigermoeller:netty2go,3,MODERN_REPLACEMENT,Low,"This library is a 'Modern Functional Replacement' that addresses similar low-level networking needs with potentially improved performance characteristics. Its name suggests direct relation to Netty, indicating it likely provides similar asynchronous I/O capabilities in a more modern implementation. A developer might choose this for high-performance networking with reduced resource overhead."
io.netty:netty-all,org.apache.activemq:artemis-core-client,3,COMPETITOR,Medium,This library is a 'Cross-Technology Competitor' that implements core networking functionality for messaging clients. It demonstrates functional overlap with Netty through its use of similar asynchronous I/O patterns in messaging contexts.
io.netty:netty-all,org.apache.activemq:artemis-jms-client,3,COMPETITOR,Medium,"This library is a 'Cross-Technology Competitor' that provides client networking capabilities. As part of the Artemis ecosystem that uses Netty internally, it solves similar network communication problems but specifically for JMS messaging contexts."
io.netty:netty-all,org.apache.activemq:activemq-core,3,COMPETITOR,Medium,"This library is a 'Cross-Technology Competitor' that provides core messaging capabilities with built-in networking functionality. While not identical to Netty, it solves similar network communication problems in messaging contexts, with ActiveMQ being a long-standing alternative in this space."
io.netty:netty-all,org.apache.activemq:artemis-native,3,COMPETITOR,Medium,"This library is a 'Cross-Technology Competitor' that provides native networking capabilities similar to Netty. As part of the Artemis ecosystem that uses Netty internally, it offers alternative implementations for specific networking scenarios, particularly in native integration contexts."
io.netty:netty-all,org.wso2.messaging:broker-rest-runner,3,COMPETITOR,Low,"This library is a 'Cross-Technology Competitor' that provides messaging capabilities with built-in networking similar to Netty. It solves overlapping problems in network communication for messaging systems, though with a specific focus on REST interfaces rather than general networking."
io.netty:netty-all,org.apache.activemq:artemis-service-extensions,3,COMPETITOR,Medium,"This library is a 'Cross-Technology Competitor' that extends Artemis' networking capabilities. Since Artemis uses Netty internally, these extensions provide functionality that overlaps with Netty's feature set in specific service integration scenarios."
javax.servlet:servlet-api,org.springframework.boot:spring-boot-starter-web,3,FRAMEWORK_INTEGRATION,High,"This library represents a 'Framework Integration via Starter Package'. For projects using Spring Boot, 'spring-boot-starter-web' is the canonical way to incorporate web functionality, including servlet API dependencies. It replaces the need to manually manage servlet-api by providing a curated set of libraries, ensuring compatibility. This means migration involves shifting the dependency from the original servlet-api to this starter package in the build file."
javax.servlet:servlet-api,org.springframework.boot:spring-boot-starter-test,3,FRAMEWORK_INTEGRATION,Medium,"This library represents a 'Framework Integration via Starter Package'. For projects using Spring Boot, 'spring-boot-starter-test' is the canonical way to incorporate testing functionality. While it does not directly include the servlet API, it works seamlessly with other Spring Boot components that do include it, such as 'spring-boot-starter-web'. This means migration involves shifting the dependency from the original testing libraries to this starter package in the build file."
javax.servlet:servlet-api,org.springframework.boot:spring-boot-starter-actuator,3,FRAMEWORK_INTEGRATION,Medium,"This library represents a 'Framework Integration via Starter Package'. For projects using Spring Boot, 'spring-boot-starter-actuator' is the canonical way to incorporate production-ready features like monitoring and management endpoints. While it does not directly include the servlet API, it works seamlessly with other Spring Boot components that do include it, such as 'spring-boot-starter-web'. This means migration involves shifting the dependency from the original monitoring libraries to this starter package in the build file."
javax.servlet:servlet-api,org.eclipse.jetty.orbit:javax.servlet,3,COMPETITOR,High,"This library provides a direct implementation of the javax.servlet specification within the Jetty ecosystem. It serves as a functional equivalent to the source library, offering the same core interfaces for servlet containers. Developers would choose this when working specifically with Jetty to ensure compatibility, though it's not the modern Jakarta EE standard."
javax.servlet:servlet-api,org.jboss.spec.javax.servlet:jboss-servlet-api_3.0_spec,3,COMPETITOR,High,"As a JBoss implementation of the Servlet 3.0 specification, this library provides equivalent functionality to the source API. It solves the same core problem of defining the servlet-container contract, making it suitable for JBoss/WildFly environments. Developers would select this for consistency within the JBoss ecosystem."
javax.servlet:servlet-api,org.apache.geronimo.specs:geronimo-servlet_2.5_spec,3,COMPETITOR,High,"As an Apache implementation of the Servlet 2.5 specification, this library provides equivalent functionality to the source API. It solves the same core problem of defining the web container contract, making it suitable for Geronimo or other Apache-based environments."
javax.servlet:servlet-api,org.mortbay.jetty:servlet-api,3,COMPETITOR,Medium,"This older Jetty implementation provides the Servlet API interfaces similar to the source library. It serves the same purpose of defining the web application/container contract, though developers should prefer modern Jakarta EE standards for new projects."
javax.servlet:servlet-api,org.glassfish:javax.servlet,3,COMPETITOR,High,"GlassFish's implementation of the Servlet API specification, providing equivalent interfaces to the source library. Developers would choose this when working with GlassFish/Payara application servers for consistent behavior."
javax.servlet:servlet-api,org.apache.tomcat:servlet-api,3,COMPETITOR,High,"Tomcat's implementation of the Servlet API specification that directly mirrors the source library's functionality. It solves the identical problem of defining the web container contract, making it a natural choice for Tomcat environments."
jaxen:jaxen,org.jdom:jdom,3,Specialized Functional Replacement,High,"JDOM is a Java XML document model that historically partnered with Jaxen for XPath capabilities. While JDOM itself doesn't replace Jaxen's XPath functionality, it represents a migration path where developers would use JDOM's native XML model combined with Java's built-in XPath API (javax.xml.xpath) instead of Jaxen. This pattern reflects the evolution toward standard Java XML APIs."
jaxen:jaxen,org.dom4j:dom4j,3,Specialized Functional Replacement,High,"Dom4j is an XML processing library that historically depended on Jaxen for XPath support. While not a direct replacement, it represents an evolution where developers would combine Dom4j's efficient XML handling with Java's standard XPath API instead of Jaxen. This migration pattern addresses the core problem of XML querying with modern standards."
joda-time:joda-time,org.threeten:threetenbp,3,MODERN_REPLACEMENT,High,"ThreeTen-Backport (org.threeten:threetenbp) is a backport of the Java SE 8 date-time classes (JSR-310) to Java SE 6 and 7. It is not an implementation of JSR-310 but provides the same API for older Java versions. The project is curated by Stephen Colebourne, the primary author of the Java 8 date and time library. While it is not a direct successor to Joda-Time, it represents the modern replacement for date-time handling in Java, aligning with the official Java 8+ `java.time` package. The evidence suggests that this library is the recommended path for projects still on Java 6 or 7, but for Java 8+, the official `java.time` package is preferred."
joda-time:joda-time,com.fasterxml.jackson.datatype:jackson-datatype-jsr310,3,MODERN_REPLACEMENT,High,"This library is a 'Modern Replacement' for handling Java 8 Date & Time API (JSR-310) data types with Jackson. It replaces older date/time handling methods, ensuring compatibility with modern Java applications. Migration involves replacing outdated date/time libraries with this module for better support."
joda-time:joda-time,org.springframework.boot:spring-boot-dependencies,3,BOM,High,"This library represents a 'Bill of Materials (BOM)' for Spring Boot. It manages the versions of all dependencies used in a Spring Boot project, ensuring compatibility and simplifying dependency management. For migration, replacing manual dependency version management with this BOM ensures consistency and reduces conflicts."
joda-time:joda-time,org.springframework.boot:spring-boot-starter-test,3,FRAMEWORK_INTEGRATION,High,"This library is a 'Framework Integration via Starter Package' for testing Spring Boot applications. It bundles essential testing libraries like JUnit Jupiter, Hamcrest, and Mockito, providing a curated set of tools for testing. Migration involves replacing individual test dependencies with this starter package to ensure compatibility and best practices."
joda-time:joda-time,org.springframework.boot:spring-boot-starter-web,3,FRAMEWORK_INTEGRATION,High,"This library is a 'Framework Integration via Starter Package' for building web applications with Spring Boot. It includes Spring MVC and other web-related dependencies, simplifying the setup of web applications. Migration involves replacing manual web dependency management with this starter package for streamlined development."
joda-time:joda-time,org.wildfly:wildfly-feature-pack,3,MODULARIZATION,Medium,"This library represents a 'Modularization' of WildFly's Jakarta EE functionality. It provides a feature pack for full platform capabilities, allowing modular server provisioning. Migration involves using this feature pack to replace monolithic WildFly deployments with modular configurations."
joda-time:joda-time,com.fasterxml.jackson.datatype:jackson-datatype-joda,3,MODERN_REPLACEMENT,High,"This library is a 'Modern Replacement' for handling Joda-Time data types with Jackson. It provides support for Joda-Time serialization, replacing manual handling. Migration involves integrating this module to ensure seamless JSON processing of Joda-Time objects."
joda-time:joda-time,com.fasterxml.jackson.datatype:jackson-datatype-jdk8,3,MODERN_REPLACEMENT,High,"This library is a 'Modern Replacement' for handling JDK 8 data types with Jackson. It supports Optional, Stream, and other JDK 8 features, replacing older methods. Migration involves using this module to ensure compatibility with modern Java applications."
joda-time:joda-time,com.fasterxml.jackson.jaxrs:jackson-jaxrs-json-provider,3,FRAMEWORK_INTEGRATION,High,This library is a 'Framework Integration' for handling JSON input/output in JAX-RS implementations like Jersey and RESTeasy. It replaces manual JSON processing with standardized Jackson data binding. Migration involves integrating this provider for streamlined JSON handling in JAX-RS applications.
mockit:jmockit,org.springframework.security:spring-security-web,3,FRAMEWORK_INTEGRATION,Medium,This Spring Security module provides specialized testing utilities for web security contexts. It offers modern solutions for mocking authentication in web tests - a specific subset of JMockit's capabilities. A Spring developer would use this for security testing integration rather than as a general mocking replacement.
mockit:jmockit,org.springframework.security.oauth:spring-security-oauth2,3,FRAMEWORK_INTEGRATION,Medium,"While not a direct mocking framework, this library provides security testing utilities within the Spring ecosystem. It offers modern solutions for mocking authentication contexts and security principals - a subset of JMockit's capabilities but specialized for security testing. A Spring developer would choose this for security-specific mocking needs rather than as a general JMockit replacement."
mockit:jmockit,org.eclipse.jdt.compiler:tool,3,MODULARIZATION,Medium,"This compiler tooling is part of Eclipse's Java development infrastructure. While it enables testing workflows through compiler integration, it doesn't provide mocking capabilities itself. A developer might use it alongside testing frameworks but not as a JMockit replacement."
mockit:jmockit,org.dspace.dependencies.jmockit:dspace-jmockit,3,SHADED_LIBRARY,High,"This is not a functional alternative but a shaded version of JMockit itself. It's a dependency wrapper used specifically in the DSpace project, meaning it's the same underlying technology repackaged rather than a replacement. A developer would not choose this as an alternative since it doesn't solve any new problem or provide modernization benefits."
mockobjects:mockobjects-core,org.mockito:mockito-all,3,SHADED_LIBRARY,High,"This library represents a 'Shaded/Repackaged Library' pattern. The artifact 'mockito-all' was designed to include a complete, repackaged version of the Mockito library internally to avoid version conflicts. The evidence from the Maven repository page indicates that this artifact was moved to 'org.mockito:mockito-core', suggesting that 'mockito-all' was intended as a convenience package bundling Mockito with its dependencies, likely shaded to prevent conflicts. This means migration involves shifting the dependency from 'mockito-all' to 'mockito-core' in the build file."
mockobjects:mockobjects-core,easymock:easymock,3,MODERN_REPLACEMENT,High,"This library is a 'Modern Functional Replacement' that addresses the core problem of creating mock objects for unit testing. While MockObjects was a pioneering solution, EasyMock represents the next evolution in mocking frameworks with its dynamic proxy approach and more expressive API. A developer would choose EasyMock today as it offers a more flexible and maintainable way to create mock objects, reducing boilerplate code while maintaining the core TDD benefits. Migration would involve adopting EasyMock's record-replay-verify model instead of the classic manual mock creation approach."
net.htmlparser.jericho:jericho-html,net.sourceforge.htmlunit:htmlunit,3,COMPETITOR,High,"This library is a 'Cross-Technology Competitor' that addresses the core problem of HTML parsing and web scraping. While Jericho focused on direct tag stream access, HtmlUnit provides a headless browser approach with JavaScript execution capability. A developer would choose HtmlUnit today for comprehensive web scraping tasks that require browser emulation and interaction with dynamic content, though it may be heavier than specialized parsers for simple HTML manipulation tasks."
net.minidev:json-smart,org.slf4j:log4j-over-slf4j,3,SHADED_LIBRARY,High,"This library represents a 'Shaded / Repackaged Library' relationship. The log4j-over-slf4j artifact serves as a bridge that redirects Log4j 1.x API calls to SLF4J, effectively repackaging the functionality while avoiding direct dependency conflicts. This is explicitly mentioned in SLF4J's documentation, where it states that this module helps migrate legacy code to newer logging frameworks. For migration purposes, this means developers can retain existing Log4j-compatible code while adopting SLF4J as their logging abstraction layer."
net.minidev:json-smart,com.alibaba:fastjson,3,MODERN_REPLACEMENT,High,"This library is a 'Modern Functional Replacement' that addresses the core problem of high-performance JSON processing. While json-smart focuses on minimal footprint, Fastjson provides comprehensive JSON features including parsing, generation, and data binding with superior performance benchmarks. A modern developer would choose Fastjson for its extensive documentation, active maintenance, and widespread adoption in enterprise Java applications. Migration would involve adapting to its richer API surface while gaining significant performance benefits."
net.sf.flexjson:flexjson,com.google.code.gson:gson,3,MODERN_REPLACEMENT,High,"Gson is a modern functional replacement that solves flexjson's core problem of fine-grained JSON serialization control. It provides equivalent capabilities through ExclusionStrategy for dynamic field filtering and @Expose annotations for declarative control. Developers would choose Gson today as the standard Google-supported library with better performance, extensive documentation, and seamless integration with modern Java ecosystems. Migration involves adapting from flexjson's path expressions to Gson's strategy-based approach."
net.sf.flexjson:flexjson,org.apache.activemq:activemq-all,3,MODERN_REPLACEMENT,Medium,"The 'activemq-all' library represents a modern replacement for legacy JSON serialization needs in the context of messaging systems. As an all-in-one bundle, it provides comprehensive messaging capabilities including JSON serialization support, though indirectly. The library's documentation shows it supports various communication protocols and includes features for handling JSON data. While it doesn't directly replace JSON serialization libraries like Jackson or Gson, it offers a modern, comprehensive solution for applications needing messaging capabilities with JSON support. For projects requiring message-oriented middleware with JSON serialization capabilities, this library serves as a contemporary alternative to older, standalone JSON libraries."
net.sf.json-lib:json-lib,com.fasterxml.jackson.core:jackson-databind,3,MODERN_REPLACEMENT,High,"Jackson-databind is the definitive 'Modern Functional Replacement' for json-lib, solving the core problem of Java object/JSON conversion with superior performance and a more intuitive API. It provides comprehensive data binding features that cover all of json-lib's capabilities while adding advanced functionality like polymorphic type handling. Developers would choose this today as the industry-standard solution."
net.sf.json-lib:json-lib,com.fasterxml.jackson.core:jackson-core,3,MODERN_REPLACEMENT,High,"Jackson-core is part of the 'Modern Functional Replacement' ecosystem that solves json-lib's core problem through efficient streaming API for JSON processing. It provides high-performance parsing/generation capabilities that address the inefficiencies of older libraries. Developers would choose Jackson today for its speed, low memory footprint, and compatibility with modern Java concurrency patterns."
net.sf.json-lib:json-lib,com.fasterxml.jackson.core:jackson-annotations,3,Specialized Functional Replacement,High,This library provides specialized annotation support that enhances JSON serialization capabilities beyond json-lib's features. It solves the core problem of customizing serialization behavior through declarative annotations. Developers would use this with Jackson-databind to achieve more control over JSON mapping than was possible with json-lib.
net.sf.json-lib:json-lib,com.google.code.gson:gson,3,MODERN_REPLACEMENT,High,"Gson is a 'Modern Functional Replacement' that addresses json-lib's core problem of converting Java objects to/from JSON. It provides a simpler, more efficient API with better performance and active maintenance. Developers would choose Gson today for its type-safe serialization/deserialization, extensive customization options, and seamless integration with modern Java projects. Migration involves adopting Gson's annotation-based approach."
net.sf.json-lib:json-lib,org.json:json,3,Specialized Functional Replacement,Medium,"This library provides a specialized functional replacement for json-lib's tree-like navigation of JSON objects. While it offers lightweight JSON parsing capabilities, it lacks comprehensive Java Bean conversion and XML transformation features. A modern developer might choose this for simple JSON manipulation in constrained environments, but it doesn't solve the core problem of seamless Java object serialization."
net.sf.json-lib:json-lib,com.sun.jersey:jersey-json,3,Specialized Functional Replacement,Medium,"This library provides specialized XML/JSON transformation capabilities that partially address json-lib's XML conversion features. However, it's primarily focused on JAX-RS integration rather than general-purpose JSON processing. Developers working in JAX-RS environments might use this for specific transformation needs, but it's not a comprehensive replacement."
net.sf.json-lib:json-lib,org.springframework.cloud:spring-cloud-dependencies,1,BOM,High,"This library is a Bill of Materials (BOM) that manages the versions of Spring Cloud components. It ensures compatibility across the Spring Cloud ecosystem by defining a curated set of dependencies. While not directly related to JSON processing, it plays a structural role in managing dependencies for Spring-based applications."
net.sf.json-lib:json-lib,de.codecentric:spring-boot-admin-dependencies,1,BOM,High,"This library is a Bill of Materials (BOM) associated with Spring Boot Admin, a tool for monitoring and managing Spring Boot applications. It defines dependency versions to ensure compatibility within the Spring Boot Admin ecosystem. While not directly related to JSON processing, it serves a structural dependency management role."
net.sf.json-lib:json-lib,org.springframework.boot:spring-boot-dependencies,1,BOM,High,"This library is a Bill of Materials (BOM) that defines dependency versions for the Spring Boot framework. It ensures compatibility across Spring Boot modules and simplifies dependency management for developers. While not directly related to JSON processing, it provides structural dependency control for Spring Boot applications."
net.sf.json-lib:json-lib,io.spring.platform:platform-bom,1,BOM,Medium,"This library is a Bill of Materials (BOM) that manages dependency versions for the Spring platform. It provides curated dependency management across various Spring projects, ensuring compatibility and reducing version conflict risks. While not specifically focused on JSON processing, it plays a structural role in Spring-based dependency management."
net.sf.json-lib:json-lib,asm:asm-all,1,SHADED_LIBRARY,High,"ASM is a widely used library for bytecode manipulation and analysis. The 'asm-all' artifact is a repackaged version of the core ASM library, bundling all necessary components into a single JAR. This shading practice helps avoid version conflicts in applications that rely on ASM for tasks like class transformation or dynamic code generation."
net.sf.trove4j:trove4j,it.unimi.dsi:fastutil,3,MODERN_REPLACEMENT,High,"This library is a 'Modern Functional Replacement' that solves the primitive collection problem with superior performance and broader feature coverage. Fastutil is widely recognized as the modern standard for primitive collections, offering comprehensive collection types and algorithms. A developer would choose it today for its exceptional performance benchmarks, extensive documentation, and active development community."
net.sf.trove4j:trove4j,com.carrotsearch:hppc,3,MODERN_REPLACEMENT,High,"This library is a 'Modern Functional Replacement' that directly addresses the core problem of primitive collections. HPPC provides high-performance collections for Java primitives with optimized memory usage and CPU efficiency. A developer would choose it today for its superior performance compared to Trove4j, modern API design, and active maintenance. Migration would involve adapting to HPPC's more efficient collection interfaces."
net.sf.trove4j:trove4j,com.google.guava:guava-collections,3,Specialized Functional Replacement,Medium,"This library is a 'Specialized Functional Replacement' that provides limited primitive utilities but not full primitive collections. While Guava offers some primitive utilities like Ints and Longs, it doesn't provide comprehensive primitive collections like Trove. A developer might use it for specific primitive operations but not as a complete replacement for primitive collection needs."
net.sourceforge.nekohtml:nekohtml,nu.validator.htmlparser:htmlparser,3,MODERN_REPLACEMENT,High,"This library is a 'Modern Functional Replacement' that addresses the core problem of parsing real-world HTML with error tolerance. While NekoHTML was designed for older HTML standards, Validator.nu implements the modern HTML5 parsing algorithm with better error correction and standards compliance. A developer would choose it today as it provides similar SAX/DOM interfaces but with contemporary HTML5 support, actively maintained codebase, and better alignment with current web standards."
org.apache.cassandra:cassandra-all,com.facebook.presto.cassandra:cassandra-server,3,MODULARIZATION,High,"This library is a specialized 'Modularized Implementation' that addresses the core problem of embedding Cassandra, but only within the Presto ecosystem. It provides a shaded version of Apache Cassandra specifically optimized for Presto's query engine. A developer would choose this when building Presto connectors, not as a general-purpose embedded database solution. Migration would require significant Presto-specific integration."
org.apache.cassandra:cassandra-all,org.springframework.cloud:spring-cloud-starter-stream-kafka,3,FRAMEWORK_INTEGRATION,Medium,"This library represents a 'Framework Integration via Starter Package'. It is designed for integrating Kafka with Spring Cloud Stream, providing a curated set of libraries for messaging. While it does not directly replace Cassandra, it exemplifies the modern approach to messaging and integration, which could be relevant for projects transitioning from embedded databases to distributed messaging systems."
org.apache.cassandra:cassandra-all,org.springframework.cloud:spring-cloud-starter-stream-rabbit,3,FRAMEWORK_INTEGRATION,Medium,"This library represents a 'Framework Integration via Starter Package'. It is designed for integrating RabbitMQ with Spring Cloud Stream, providing a curated set of libraries for messaging. While it does not directly replace Cassandra, it exemplifies the modern approach to messaging and integration, which could be relevant for projects transitioning from embedded databases to distributed messaging systems."
org.apache.commons:commons-collections4,com.google.guava:guava,3,MODERN_REPLACEMENT,High,"Guava is a 'Modern Functional Replacement' that solves the core problem of extending Java's collections framework with robust utilities. While Commons Collections4 was historically significant, Guava offers superior type safety via generics, immutable collections, and functional idioms aligned with modern Java practices. Developers would choose Guava today for its comprehensive feature set, performance optimizations, and active maintenance by Google. Migration involves adopting Guava's more consistent APIs but yields long-term maintainability benefits."
org.apache.commons:commons-collections4,com.joyent.manta:java-manta-client-unshaded,3,SHADED_LIBRARY,High,"This library represents a 'Shaded / Repackaged / Bundled Library'. 'com.joyent.manta:java-manta-client-unshaded' is a client library for the Joyent Manta service, which includes a repackaged version of 'org.apache.commons:commons-collections4' internally to avoid version conflicts. The presence of 'commons-collections4' in its dependency list indicates that it uses this library but does not replace it. This means migration involves using this library as-is, with the understanding that it internally manages the version of 'commons-collections4'."
org.apache.commons:commons-collections4,org.springframework.boot:spring-boot-starter-web,3,FRAMEWORK_INTEGRATION,Medium,"This library represents a 'Framework Integration via Starter Package'. For projects using Spring Boot, 'spring-boot-starter-web' is the canonical way to incorporate web support. It replaces the need to manually manage web libraries by providing a curated set of dependencies, ensuring compatibility. This means migration involves shifting the dependency from the original library to this starter package in the build file."
org.apache.commons:commons-collections4,org.springframework.boot:spring-boot-starter-test,3,FRAMEWORK_INTEGRATION,Medium,"This library represents a 'Framework Integration via Starter Package'. For projects using Spring Boot, 'spring-boot-starter-test' is the canonical way to incorporate testing support. It replaces the need to manually manage testing libraries by providing a curated set of dependencies, ensuring compatibility. This means migration involves shifting the dependency from the original library to this starter package in the build file."
org.apache.commons:commons-collections4,org.springframework.boot:spring-boot-starter-aop,3,FRAMEWORK_INTEGRATION,Medium,"This library represents a 'Framework Integration via Starter Package'. For projects using Spring Boot, 'spring-boot-starter-aop' is used to incorporate Aspect-Oriented Programming (AOP) support. It does not have a direct relationship with 'org.apache.commons:commons-collections4', as it serves a completely different functional domain. This means migration involves shifting the dependency from the original library to this starter package in the build file."
org.apache.commons:commons-collections4,org.springframework.boot:spring-boot-starter-thymeleaf,3,FRAMEWORK_INTEGRATION,Medium,"This library represents a 'Framework Integration via Starter Package'. For projects using Spring Boot, 'spring-boot-starter-thymeleaf' is used to integrate Thymeleaf templates into web applications. It does not have a direct relationship with 'org.apache.commons:commons-collections4', as it serves a completely different functional domain. This means migration involves shifting the dependency from the original library to this starter package in the build file."
org.apache.commons:commons-collections4,org.mybatis.spring.boot:mybatis-spring-boot-starter,3,FRAMEWORK_INTEGRATION,Medium,"This library represents a 'Framework Integration via Starter Package'. For projects using MyBatis with Spring Boot, 'mybatis-spring-boot-starter' is the canonical way to incorporate MyBatis support. It replaces the need to manually manage MyBatis by providing a curated set of dependencies, ensuring compatibility. This means migration involves shifting the dependency from the original library to this starter package in the build file."
org.apache.commons:commons-collections4,de.codecentric:spring-boot-admin-starter-client,3,FRAMEWORK_INTEGRATION,Medium,"This library represents a 'Framework Integration via Starter Package'. For projects using Spring Boot, 'de.codecentric:spring-boot-admin-starter-client' is used to integrate applications with the Spring Boot Admin server for monitoring and management purposes. It does not have a direct relationship with 'org.apache.commons:commons-collections4', as it serves a completely different functional domain. This means migration involves shifting the dependency from the original library to this starter package in the build file."
org.apache.deltaspike.core:deltaspike-core-api,org.mockito:mockito-all,3,MODERN_REPLACEMENT,Medium,"While there is no direct structural relationship between DeltaSpike Core API and Mockito-All, analysis reveals that Mockito-All serves as a modern replacement for DeltaSpike's testing utilities in the context of CDI-based applications. The DeltaSpike Test-Control module was designed to simplify CDI-based testing, but Mockito-All provides a more comprehensive and widely-adopted solution for unit testing in Java applications, particularly for mocking dependencies. This aligns with the trend of modern testing practices moving away from framework-specific testing modules towards more general-purpose, powerful mocking frameworks."
org.apache.deltaspike.core:deltaspike-core-api,org.jboss.weld.se:weld-se-core,3,MODERN_REPLACEMENT,Medium,"As a Modern Functional Replacement for CDI implementation. Weld is the reference implementation for CDI standards that DeltaSpike extends. Modern developers would use Weld as the foundational CDI container, potentially reducing the need for some DeltaSpike utilities as CDI standards evolve."
org.apache.deltaspike.core:deltaspike-core-api,com.blazebit:blaze-persistence-integration-deltaspike-data-impl,3,FRAMEWORK_INTEGRATION,High,"This is a framework integration rather than a replacement. Blaze-Persistence extends DeltaSpike Data's repository pattern with advanced query capabilities, allowing developers to enhance existing DeltaSpike applications with more sophisticated JPA features without replacing the core CDI utilities."
org.apache.deltaspike.core:deltaspike-core-api,com.blazebit:blaze-persistence-integration-deltaspike-data-api,3,FRAMEWORK_INTEGRATION,High,"Acts as an integration layer between Blaze-Persistence and DeltaSpike Data APIs. It solves the specific problem of enriching DeltaSpike repositories with advanced JPA features while maintaining DeltaSpike's core CDI functionality, not replacing it."
org.apache.deltaspike.core:deltaspike-core-api,org.picketlink:picketlink-javaee-6.0-with-deltaspike,3,FRAMEWORK_INTEGRATION,High,"This is a Framework Integration bundle combining PicketLink security with DeltaSpike. It demonstrates complementary usage rather than replacement, solving the specific problem of integrated security in CDI applications."
org.apache.deltaspike.core:deltaspike-core-api,org.apache.deltaspike.distribution:distributions-bom,3,MODULARIZATION,High,"The distributions-bom is not a direct successor to deltaspike-core-api, but rather a Bill of Materials (BOM) that manages dependencies for the DeltaSpike distribution. It includes the core module along with other DeltaSpike modules. This represents a modularization approach rather than a direct evolutionary successor."
org.apache.deltaspike.core:deltaspike-core-api,org.picketlink:picketlink,3,COMPETITOR,Medium,"This is a Cross-Technology Competitor for security aspects. While DeltaSpike offers security extensions within CDI, PicketLink provides a standalone security framework. Modern developers might choose PicketLink for comprehensive security solutions, but it doesn't replace DeltaSpike's broader CDI utilities."
org.apache.deltaspike.core:deltaspike-core-api,org.picketlink:picketlink-javaee-6.0,3,COMPETITOR,Medium,"Cross-Technology Competitor for Java EE 6 security. Similar to core PicketLink, it offers alternative security implementations but doesn't provide equivalent CDI extension utilities like project stages or configuration injection."
org.apache.deltaspike.core:deltaspike-core-api,org.demoiselle.jee:demoiselle-security,3,COMPETITOR,Low,"Cross-Technology Competitor for security aspects. Demoiselle provides security utilities for Java EE applications, overlapping with DeltaSpike's security extensions but not replacing its broader CDI functionality."
org.apache.deltaspike.core:deltaspike-core-impl,org.apache.geronimo.config:geronimo-config-impl,3,MODERN_REPLACEMENT,High,"This library is a 'Modern Functional Replacement' that addresses the core problem of configuration management in CDI environments. While the source library provided a CDI-based configuration mechanism, Geronimo Config implements the MicroProfile Config specification which offers a standardized, type-safe approach to externalized configuration with priority sources and converters. A developer would choose it today as it aligns with modern cloud-native patterns and provides better integration with contemporary Java ecosystems."
org.apache.deltaspike.core:deltaspike-core-impl,org.jboss.weld:weld-core-impl,3,MODULARIZATION,High,"This library represents 'Modularization' of the underlying CDI specification implementation. As the reference implementation of CDI, Weld provides the foundational dependency injection container that DeltaSpike Core extends. A developer would use this as the required base layer that enables the portable CDI extensions provided by the source library."
org.apache.deltaspike.core:deltaspike-core-impl,com.blazebit:blaze-persistence-integration-deltaspike-data-api,3,FRAMEWORK_INTEGRATION,High,"This library is a 'Framework Integration' that extends rather than replaces the source library's functionality. It provides an integration layer between Blaze-Persistence's rich criteria API and DeltaSpike Data, enabling advanced query capabilities for repository patterns. A developer would use this alongside the source library to enhance data access capabilities without replacing the core CDI extensions."
org.apache.deltaspike.core:deltaspike-core-impl,com.blazebit:blaze-persistence-integration-deltaspike-data-impl,3,FRAMEWORK_INTEGRATION,High,"This library is a 'Framework Integration' that implements the API layer between Blaze-Persistence and DeltaSpike Data. It provides concrete implementations for the integration patterns defined in the API module, working in conjunction with rather than replacing the source library's CDI extension capabilities."
org.apache.deltaspike.core:deltaspike-core-impl,org.picketlink:picketlink,3,COMPETITOR,Medium,"This library is a 'Cross-Technology Competitor' that addresses the security aspect of the source library's functionality. PicketLink provides an alternative security framework for Java EE applications, offering rich authorization capabilities and CDI integration. A developer would choose it today for comprehensive security requirements, though it solves a subset of the problems addressed by the broader DeltaSpike Core implementation."
org.apache.deltaspike.core:deltaspike-core-impl,org.picketlink:picketlink-javaee-6.0,3,COMPETITOR,Medium,This library is a 'Cross-Technology Competitor' that provides Java EE 6 specific security features as an alternative to DeltaSpike's security extensions. It offers integration with Java EE security annotations and servlet container authentication mechanisms. A developer might choose it for projects constrained to Java EE 6 environments requiring security integration.
org.apache.deltaspike.core:deltaspike-core-impl,org.jboss.shrinkwrap.descriptors:shrinkwrap-descriptors-bom,1,BOM,High,"This library represents a 'Bill of Materials (BOM)' for the ShrinkWrap Descriptors project. It provides centralized dependency management for the project, ensuring version consistency across all modules. This is particularly useful for projects that rely on multiple ShrinkWrap Descriptors artifacts, as it simplifies dependency management by avoiding version conflicts. Migration involves replacing individual dependencies with the BOM in the build file."
org.apache.derby:derby,com.h2database:h2,3,MODERN_REPLACEMENT,High,"H2 is a Modern Functional Replacement that solves the core problem of embedded SQL databases more effectively than Derby. It offers superior performance, smaller footprint, and enhanced features like in-memory databases while maintaining JDBC compliance and ACID transactions. Modern developers choose H2 for its speed, active maintenance, and seamless integration with frameworks like Spring Boot. Migration involves minimal changes to JDBC URLs and dialect adjustments."
org.apache.derby:derby,org.hsqldb:hsqldb,3,COMPETITOR,High,"HSQLDB is a Cross-Technology Competitor providing comparable embedded SQL database functionality. It serves the same core use cases as Derby with JDBC support and ACID compliance, but differs in implementation and performance characteristics. Developers might consider it for legacy compatibility, though H2 generally offers better modern performance. Migration would require JDBC driver changes and SQL dialect adaptation."
org.apache.derby:derbyclient,com.h2database:h2,3,MODERN_REPLACEMENT,High,"H2 is a Modern Functional Replacement for Derbyclient. As a pure-Java embedded database with JDBC connectivity, it solves the core problem of lightweight database access while offering superior performance, smaller footprint, and modern tooling. Developers choose H2 today as the de facto standard for embedded database needs in Java applications, replacing Derby in most contemporary use cases."
org.apache.derby:derbyclient,org.postgresql:postgresql,3,COMPETITOR,High,"PostgreSQL serves as a Cross-Technology Competitor to Derbyclient. While not embedded, it solves the core problem of database connectivity through JDBC with superior scalability and enterprise features. Developers choose PostgreSQL when moving beyond Derby's capabilities to production-grade database solutions."
org.apache.derby:derbyclient,com.wix:wix-embedded-mysql,3,SPECIALIZED_FUNCTIONAL_REPLACEMENT,Medium,"This library serves as a Specialized Functional Replacement for Derby's embedded mode capabilities. It provides lightweight MySQL embedding for testing scenarios, solving a specific subset of database connectivity needs. Developers would choose this when requiring MySQL compatibility in test environments."
org.apache.derby:derbyclient,org.apache.geronimo.configs:derby,3,MODULARIZATION,High,"The Apache Geronimo project's 'geronimo-derby' module is not a direct successor to 'derbyclient' but rather a wrapper/component for integrating Apache Derby within the Geronimo application server ecosystem. The module serves as a bundling mechanism for using Derby as a system database within Geronimo, rather than a replacement or evolution of the Derby client driver itself."
org.apache.hbase:hbase-client,com.google.cloud.bigtable:bigtable-hbase-1.x,3,MODERN_REPLACEMENT,High,"This library is a 'Modern Functional Replacement' that solves the core problem of connecting Java applications to distributed NoSQL databases. While the source HBase client connects to Apache HBase clusters, Bigtable-HBase provides a fully managed alternative with the same HBase client API surface. A developer would choose it today to solve the same underlying data access problem with Google Cloud's globally distributed, scalable database service while maintaining application compatibility."
org.apache.hbase:hbase-client,org.apache.atlas:atlas-hbase-client-shaded,3,SHADED_LIBRARY,High,"This library represents a 'Shaded Version of Apache HBase Client'. The artifact explicitly includes 'shaded' in its name and is described as such on Maven Central. It repackages the HBase client functionality with shaded dependencies (notably Guava) to avoid version conflicts in environments where multiple versions of the same library might be present. For projects that need to use HBase client functionality but want to avoid dependency conflicts, this shaded version provides a self-contained solution. This means migration involves replacing the original HBase client dependency with this shaded version in the build file."
org.apache.hbase:hbase-client,org.apache.atlas:atlas-hbase-server-shaded,3,SHADED_LIBRARY,Medium,"While we couldn't directly access detailed information about this specific artifact during our investigation, the naming pattern 'shaded' and its association with the Atlas HBase client suggests it follows a similar shading pattern. Given that the client version is explicitly described as a shaded library, it's reasonable to infer that the server-shaded version would follow the same pattern, repackaging HBase server components with shaded dependencies to avoid version conflicts. This inference aligns with common practices in Java ecosystem where shaded artifacts are created to solve dependency conflicts."
org.apache.hbase:hbase-server,com.google.cloud.bigtable:bigtable-hbase-1.0,3,MODERN_REPLACEMENT,High,"This library serves as a 'Modern Functional Replacement' for HBase server by providing API-compatible access to Google Cloud Bigtable. It solves the core distributed database problem through a fully-managed cloud service with automatic scaling, high availability, and reduced operational overhead. A developer would choose this today to achieve similar functionality without managing server infrastructure, using the same HBase API patterns."
org.apache.hbase:hbase-server,org.apache.atlas:atlas-hbase-client-shaded,3,SHADED_LIBRARY,High,"This library represents a 'Shaded / Repackaged / Bundled Library'. It is a shaded version of the Apache HBase client, designed to avoid dependency conflicts by bundling most dependencies internally. According to the Apache JIRA issue HBASE-13517, such shaded artifacts are meant for scenarios where dependency conflicts cannot be resolved otherwise. This implies that migration to this library should only be considered if the project faces unresolvable dependency conflicts with the standard HBase client."
org.apache.hbase:hbase-server,com.google.cloud.bigtable:bigtable-hbase-mapreduce,3,MODERN_REPLACEMENT,High,"As an extension of the Bigtable-HBase integration, this provides a 'Modern Functional Replacement' for HBase's MapReduce capabilities within a managed cloud environment. It solves the big data processing aspect of the original problem through serverless execution while maintaining API compatibility. A developer would adopt this to process HBase-like data at scale without managing Hadoop clusters."
org.apache.httpcomponents:httpclient,com.squareup.okhttp3:okhttp,3,MODERN_REPLACEMENT,High,"OkHttp is a Modern Functional Replacement that solves the core problem of robust HTTP communication with superior performance. It offers HTTP/2 support, connection pooling, and modern TLS by default. Developers would choose OkHttp today for its efficiency in mobile/server environments, simpler API, and better resource management compared to Apache HttpClient."
org.apache.httpcomponents:httpclient,org.springframework.cloud:spring-cloud-starter-consul,3,FRAMEWORK_INTEGRATION,High,"This library represents a 'Framework Integration via Starter Package'. For projects using Spring Cloud, 'spring-cloud-starter-consul' is the canonical way to integrate with HashiCorp Consul for service discovery and distributed configuration. It replaces the need to manually manage Consul integrations by providing a curated set of libraries and autoconfiguration, ensuring compatibility with Spring Boot applications. This means migration involves shifting the dependency from custom or lower-level Consul clients to this starter package in the build file."
org.apache.httpcomponents:httpclient,org.springframework.boot:spring-boot-starter-data-jpa,3,FRAMEWORK_INTEGRATION,High,"This library represents a 'Framework Integration via Starter Package'. For projects using Spring Boot, 'spring-boot-starter-data-jpa' is the canonical way to incorporate JPA-based data access layers, integrating Spring Data JPA with Hibernate. It replaces the need to manually manage JPA and Hibernate dependencies by providing a curated set of libraries, ensuring compatibility. This means migration involves shifting the dependency from lower-level JPA or Hibernate libraries to this starter package in the build file."
org.apache.httpcomponents:httpclient,org.springframework.boot:spring-boot-starter-security,3,FRAMEWORK_INTEGRATION,High,"This library represents a 'Framework Integration via Starter Package'. For projects using Spring Boot, 'spring-boot-starter-security' is the canonical way to incorporate Spring Security into applications. It replaces the need to manually manage Spring Security dependencies by providing a curated set of libraries, ensuring compatibility and simplifying configuration. This means migration involves shifting the dependency from lower-level Spring Security modules to this starter package in the build file."
org.apache.httpcomponents:httpclient,io.spring.platform:platform-bom,3,BOM,High,"This library represents a 'Bill of Materials (BOM)'. The 'io.spring.platform:platform-bom' is a curated set of dependencies across the Spring portfolio projects, ensuring compatibility and simplifying dependency management. It does not function as a direct HTTP client or standalone implementation but instead provides version management for a wide range of Spring libraries, making it a structural component for Spring-based applications."
org.apache.httpcomponents:httpclient,io.dropwizard:dropwizard-client,3,FRAMEWORK_INTEGRATION,High,"A framework wrapper that configures Apache HttpClient/Jersey client within Dropwizard. It's an integration layer rather than a functional replacement, providing managed instances of existing HTTP clients."
org.apache.httpcomponents:httpclient,com.github.sevntu-checkstyle:sevntu-checks,1,NO_RELATIONSHIP,High,"Static code analysis tool, not related to HTTP communication."
org.apache.httpcomponents:httpclient,org.sonatype.nexus:nexus-client-core,1,NO_RELATIONSHIP,Medium,"Specialized client for Nexus repository manager API, not a general-purpose HTTP client replacement."
org.apache.httpcomponents:httpclient,org.apache.cxf:cxf-rt-rs-client,3,Specialized Functional Replacement,Medium,"A Specialized Functional Replacement providing JAX-RS compliant REST client capabilities. While built on HTTP clients, it solves higher-level API interaction problems. Developers would choose this for standards-based REST communication where the HTTP transport is abstracted behind resource-oriented interfaces."
org.apache.httpcomponents:httpclient,com.networknt:client,3,Specialized Functional Replacement,Medium,"A Specialized Functional Replacement providing HTTP/2-first client capabilities within the Light-4j ecosystem. While not a general-purpose solution, it addresses the core need for efficient service-to-service communication in microservices architectures. Developers would choose this for framework-aligned HTTP/2 implementations where tight integration with Light-4j is required."
org.apache.httpcomponents:httpclient,com.fasterxml.jackson.core:jackson-databind,1,NO_RELATIONSHIP,High,"A JSON processing library that complements but doesn't replace HTTP client functionality. It would be used alongside HTTP clients for payload handling, not for network communication."
org.apache.httpcomponents:httpclient,commons-codec:commons-codec,1,NO_RELATIONSHIP,High,"An encoding/decoding utility, not an HTTP client. While used by HTTP clients for Base64/Auth encoding, it solves fundamentally different problems."
org.apache.httpcomponents:httpclient,org.springframework.boot:spring-boot-devtools,1,NO_RELATIONSHIP,High,"Development tools for Spring Boot applications, completely unrelated to HTTP client functionality."
org.apache.httpcomponents:httpclient,io.federecio:dropwizard-swagger,1,NO_RELATIONSHIP,High,"API documentation tool for Dropwizard, completely unrelated to HTTP client functionality."
org.apache.httpcomponents:httpclient,io.gravitee.am.service:gravitee-am-service,1,NO_RELATIONSHIP,High,Access management service for Gravitee API management platform. Not designed as a general HTTP client.
org.apache.httpcomponents:httpclient,io.dropwizard:dropwizard-auth,1,NO_RELATIONSHIP,High,"Authentication module for Dropwizard, unrelated to HTTP client functionality. It handles security concerns after HTTP transport has occurred."
org.apache.httpcomponents:httpclient,com.sap.cloud:neo-java-web-api,1,NO_RELATIONSHIP,Medium,"SAP Cloud Platform integration library, not designed as a standalone HTTP client."
org.apache.httpcomponents:httpclient,org.apache.cxf:cxf-rt-rs-client,3,Specialized Functional Replacement,Medium,"A Specialized Functional Replacement providing JAX-RS compliant REST client capabilities. While built on HTTP clients, it solves higher-level API interaction problems. Developers would choose this for standards-based REST communication where the HTTP transport is abstracted behind resource-oriented interfaces."
org.apache.httpcomponents:httpclient,com.blazegraph:bigdata-core,1,NO_RELATIONSHIP,High,"This is a graph database engine, not an HTTP client. Its networking capabilities are internal implementation details unrelated to general-purpose HTTP communication."
org.apache.httpcomponents:httpclient,commons-httpclient:commons-httpclient,1,NO_RELATIONSHIP,High,"This is the obsolete predecessor to the source library, not a functional alternative. Apache HttpClient was explicitly created to replace Commons HttpClient with superior features and performance. No modern developer would choose this deprecated library."
org.apache.httpcomponents:httpclient,io.vertx:vertx-rx-java2,1,NO_RELATIONSHIP,High,"Reactive extensions for Vert.x, not an HTTP client implementation. Vert.x's core HTTP client capabilities exist separately in vertx-core."
org.apache.httpcomponents:httpmime,org.eclipse.jetty:jetty-client,3,MODERN_REPLACEMENT,High,"This library is a 'Modern Functional Replacement' that addresses the core problem of sending multipart HTTP requests. Jetty Client provides MultiPartRequestContent for building multipart/form-data requests with similar capabilities to httpmime's MultipartEntityBuilder. A developer would choose it today for its modern API design, HTTP/2 support, and seamless integration with Jetty ecosystem projects."
org.apache.httpcomponents:httpmime,com.squareup.okhttp3:okhttp,3,MODERN_REPLACEMENT,High,"This library is a 'Modern Functional Replacement' that solves the core problem of multipart HTTP communications. OkHttp provides MultipartBody for constructing multipart requests with a more modern and streamlined API than httpmime. A developer would choose it today for its performance, concise API, and excellent mobile support."
org.apache.httpcomponents:httpmime,io.dropwizard:dropwizard-forms,3,FRAMEWORK_INTEGRATION,High,This library represents a 'Framework Integration' that provides multipart form handling within the Dropwizard ecosystem. It addresses the same core problem as httpmime but in a server-side context. A developer would choose it when building Dropwizard applications that need to handle file uploads and multipart forms.
org.apache.httpcomponents:httpmime,io.dropwizard:dropwizard-client,3,FRAMEWORK_INTEGRATION,Medium,This library represents a 'Framework Integration' that incorporates HTTP client capabilities. Dropwizard Client wraps Apache HttpClient (which includes httpmime) and provides a higher-level abstraction. A developer would choose it when building Dropwizard applications for simplified HTTP client configuration and management.
org.apache.httpcomponents:httpmime,org.springframework.boot:spring-boot-starter-test,3,FRAMEWORK_INTEGRATION,Medium,"This library represents a 'Framework Integration via Starter Package'. It is part of the Spring Boot ecosystem and provides a curated set of testing utilities, including support for testing multipart HTTP requests. While it does not directly replace 'org.apache.httpcomponents:httpmime', it integrates testing capabilities for HTTP MIME multipart functionality within the Spring Boot framework. Migration would involve using Spring Boot's testing tools instead of standalone HTTP MIME multipart libraries."
org.apache.logging.log4j:log4j-api,org.slf4j:slf4j-api,3,MODERN_REPLACEMENT,High,"This library is a 'Modern Functional Replacement' that addresses the core problem of providing a stable logging API abstraction. While Log4j API is tightly coupled with Log4j2, SLF4J serves as a universal facade that works with multiple logging implementations (Log4j2, Logback, etc.). A modern developer would choose SLF4J to decouple application code from specific logging frameworks, enabling easier implementation switching without code changes."
org.apache.logging.log4j:log4j-api,org.springframework.boot:spring-boot-starter-log4j2,3,FRAMEWORK_INTEGRATION,High,"This library represents a 'Framework Integration via Logging Starter Package'. The spring-boot-starter-log4j2 is specifically designed to integrate Log4j2 as the logging implementation in Spring Boot applications. According to search results, it serves as an alternative to spring-boot-starter-logging, allowing developers to select Log4j2 for logging. For projects using Spring Boot that want to utilize Log4j2, this starter package is the canonical way to incorporate it, replacing the need for manual configuration of Log4j2 dependencies. This means migration involves shifting the dependency from other logging solutions to this starter package in the build file."
org.apache.logging.log4j:log4j-api,org.springframework.boot:spring-boot-dependencies,3,BOM,High,"This library represents a 'Bill of Materials (BOM) for the Spring Boot Ecosystem'. As a parent POM, it provides version management for all Spring Boot dependencies, including logging libraries. Search results confirm that it manages dependency versions through properties like log4j2.version, allowing consistent version management across the Spring Boot ecosystem. This aligns with Rule 4 (Ecosystem & Bill of Materials) as it coordinates versions for log4j-api and other libraries across the entire Spring Boot technology stack."
org.apache.logging.log4j:log4j-slf4j-impl,org.springframework.boot:spring-boot-starter-log4j2,3,FRAMEWORK_INTEGRATION,High,"This library represents a 'Framework Integration via Starter Package'. It is a Spring Boot starter designed to integrate Log4j2 as the logging implementation within Spring Boot applications. Unlike the source library (log4j-slf4j-impl), which bridges SLF4J to Log4j2, this starter provides a curated dependency set that ensures compatibility and simplifies configuration. The starter excludes the default Spring Boot logging (Logback) and bundles the necessary Log4j2 dependencies, including log4j-core and log4j-api, making it a structural alternative for projects standardizing on Spring Boot and Log4j2. Migration involves replacing the SLF4J binding with this starter in the build configuration."
org.apache.logging.log4j:log4j-slf4j-impl,org.slf4j:slf4j-log4j12,3,COMPETITOR,High,"This library is a 'Cross-Technology Competitor' that provides SLF4J binding for Log4j 1.x, whereas the source library binds to Log4j 2. While both solve the core problem of connecting SLF4J to a logging backend, modern developers would prefer the source library for its compatibility with Log4j 2's superior performance and security features. Migration would involve switching from Log4j 1.x to Log4j 2 backend."
org.apache.logging.log4j:log4j-slf4j-impl,ch.qos.logback:logback-classic,3,COMPETITOR,High,"This library is a 'Cross-Technology Competitor' that serves as a native SLF4J implementation alternative to Log4j 2. While both solve the core problem of providing a modern logging backend for SLF4J, Logback represents a competing technology stack. A developer would choose between them based on performance characteristics and ecosystem compatibility rather than direct functional equivalence."
org.apache.logging.log4j:log4j-slf4j-impl,org.slf4j:slf4j-jdk14,3,COMPETITOR,High,"This library is a 'Cross-Technology Competitor' that provides SLF4J binding to java.util.logging (JUL) rather than Log4j 2. While both solve the core problem of connecting SLF4J to a logging backend, modern developers would typically choose Log4j 2 or Logback for more advanced features."
org.apache.logging.log4j:log4j-slf4j-impl,org.slf4j:jul-to-slf4j,3,Specialized Functional Replacement,High,"This library is a 'Specialized Functional Replacement' that solves a complementary problem - bridging java.util.logging to SLF4J rather than providing SLF4J backend binding. It represents an evolution where developers centralize diverse logging systems under SLF4J, but doesn't replace the source library's core function of connecting SLF4J to a logging implementation."
org.apache.logging.log4j:log4j-slf4j-impl,org.slf4j:jcl-over-slf4j,3,Specialized Functional Replacement,High,"This library is a 'Specialized Functional Replacement' that bridges Apache Commons Logging to SLF4J, solving the complementary problem of legacy system integration rather than providing SLF4J backend binding. It represents an evolution where developers consolidate logging through SLF4J, but doesn't replace the source binding functionality."
org.apache.lucene:lucene-core,org.elasticsearch:elasticsearch,3,MODERN_REPLACEMENT,High,"Elasticsearch is a Modern Functional Replacement that provides a distributed, RESTful search engine built on Lucene. It addresses the same core problem of text search while solving modern scalability challenges through distributed architecture. Developers would choose Elasticsearch for large-scale applications needing real-time analytics, representing the contemporary approach to Lucene's original text indexing capabilities."
org.apache.lucene:lucene-core,org.apache.solr:solr,3,MODERN_REPLACEMENT,High,"Solr is a Modern Functional Replacement that extends Lucene into a full-featured search server. It solves the same core problem of text indexing and retrieval but adds enterprise features like faceted search, hit highlighting, and RESTful APIs. Developers would choose Solr when needing a turnkey search solution with management interfaces, representing the natural evolution of Lucene's capabilities into a standalone service."
org.apache.lucene:lucene-core,com.blazegraph:bigdata-core,3,Specialized Functional Replacement,High,"This library is a specialized functional replacement that uses Lucene internally for text indexing in its graph database. While Blazegraph solves similar information retrieval problems through its RDF-based semantic search capabilities, it addresses a different core problem domain - graph data processing. A developer would choose Blazegraph when needing to combine text search with complex relationship queries in knowledge graphs, rather than as a direct Lucene replacement."
org.apache.lucene:lucene-core,org.hibernate:hibernate-search-orm,3,Specialized Functional Replacement,Medium,This library is a specialized functional replacement that integrates Lucene with ORM systems. It solves the specific problem of adding full-text search capabilities to JPA entities while leveraging Lucene under the hood. Developers would choose Hibernate Search when needing to add search features to existing database-backed applications without direct Lucene integration.
org.apache.lucene:lucene-core,org.mycore:mycore-indexing,3,Specialized Functional Replacement,Medium,"This library is a specialized functional replacement for content indexing within the MyCoRe ecosystem. It solves domain-specific indexing requirements for digital library systems, leveraging Lucene's capabilities for specialized metadata schemas. Developers would choose this when building digital repository systems rather than as a general Lucene replacement."
org.apache.lucene:lucene-core,org.apache.archiva:maven2-repository,3,Specialized Functional Replacement,Medium,"This library is a specialized functional replacement for artifact indexing in repository management. It provides Maven-specific indexing capabilities that solve the core problem of component discovery in software repositories. Developers would choose Archiva when managing artifact repositories, using its specialized indexing instead of raw Lucene for domain-specific metadata."
org.apache.lucene:lucene-core,org.springframework.boot:spring-boot-starter-data-redis,3,FRAMEWORK_INTEGRATION,Medium,"This library represents a 'Framework Integration via Starter Package'. 'spring-boot-starter-data-redis' encapsulates Redis integration for Spring Boot applications, much like how Lucene is used internally by higher-level search platforms like Elasticsearch. It does not replace Lucene's functionality but follows a similar structural pattern of abstracting core dependencies within a framework-specific starter package."
org.apache.lucene:lucene-core,org.springframework.boot:spring-boot-starter-validation,3,FRAMEWORK_INTEGRATION,Medium,"This library represents a 'Framework Integration via Starter Package'. For projects using Spring Boot, 'spring-boot-starter-validation' provides a curated set of libraries for data validation, ensuring compatibility and simplifying dependency management. While it does not directly replace Apache Lucene's functionality, it follows a similar pattern of providing a higher-level abstraction over core libraries, aligning with Spring Boot's approach of encapsulating common dependencies within starter packages."
org.apache.lucene:lucene-core,org.springframework.boot:spring-boot-starter-thymeleaf,3,FRAMEWORK_INTEGRATION,Medium,"This library represents a 'Framework Integration via Starter Package'. 'spring-boot-starter-thymeleaf' simplifies the integration of Thymeleaf templates in Spring Boot applications, aligning with the structural pattern of encapsulating functionality within framework-specific starters. While not a direct replacement for Lucene, it exemplifies the same approach of bundling related dependencies for ease of use."
org.apache.lucene:lucene-core,org.springframework.boot:spring-boot-starter-aop,3,FRAMEWORK_INTEGRATION,Medium,"This library represents a 'Framework Integration via Starter Package'. 'spring-boot-starter-aop' bundles Aspect-Oriented Programming capabilities for Spring Boot, following the same structural pattern of encapsulating related dependencies. While not directly related to Lucene, it exemplifies how Spring Boot streamlines dependency management through curated starters."
org.apache.lucene:lucene-core,org.springframework.boot:spring-boot-devtools,3,FRAMEWORK_INTEGRATION,Medium,"This library represents a 'Framework Integration via Starter Package'. 'spring-boot-devtools' enhances the development experience in Spring Boot applications, much like how Lucene is often encapsulated within higher-level tools for improved usability. While not a direct replacement for Lucene, it follows a similar structural pattern of enhancing developer experience through abstraction."
org.apache.lucene:lucene-core,org.uberfire:uberfire-parent-with-dependencies,3,BOM,Medium,"This library represents a 'Bill of Materials (BOM)'. 'uberfire-parent-with-dependencies' serves as a parent POM managing dependency versions for UberFire modules, aligning with the structural pattern of centralized version management. While not a direct replacement for Lucene, it follows a similar structural approach of consolidating dependencies within a single artifact."
org.apache.lucene:lucene-core,org.infinispan:infinispan-defaults-maven-plugin,3,MODERN_REPLACEMENT,Low,"This library represents a 'Modern Replacement'. 'infinispan-defaults-maven-plugin' provides default configurations for Infinispan, a modern distributed in-memory data grid, which can be used in conjunction with or as an alternative to Lucene-based solutions for certain use cases. It follows a similar structural pattern of providing optimized, modern tooling for data management tasks."
org.apache.lucene:lucene-core,org.apache.servicemix.bundles:org.apache.servicemix.bundles.lucene,3,MODULARIZATION,High,"The org.apache.servicemix.bundles:org.apache.servicemix.bundles.lucene is an OSGi bundle that wraps the lucene-core library (e.g., version 10.2.2). It does not represent a direct evolutionary successor to the source library but rather a modularized version of Lucene for OSGi environments. The ServiceMix project provides these bundles to make Lucene and other libraries compatible with OSGi frameworks, which is a modularization approach rather than a direct replacement or fork."
org.apache.mahout:mahout-core,org.codehaus.groovy:groovy-all,3,SHADED_LIBRARY,High,"The library 'org.codehaus.groovy:groovy-all' is identified as a shaded or bundled version of the Groovy language for the JVM. It includes all core Groovy modules and dependencies in a single artifact, making it easier to manage and avoid version conflicts. This aligns with Rule 6: Shaded/Repackaged/Bundled Library, as it is a comprehensive bundle designed for convenience and compatibility. Migration from the source library to this target would involve replacing the original dependency with this bundled version in the build file."
org.apache.mahout:mahout-core,org.apache.commons:commons-math3,3,COMPETITOR,Medium,"This library is a 'Cross-Technology Competitor' that provides sophisticated mathematical operations and some machine learning algorithms, but in a single-node implementation rather than a distributed framework. While it shares Mahout's mathematical foundation and offers clustering/classification capabilities, it doesn't solve the core distributed computation problem. A developer would choose Commons Math for smaller datasets that fit on a single machine, benefiting from its rich numerical capabilities without distributed system complexity."
org.apache.pdfbox:pdfbox,org.sejda:sambox,3,MODERN_REPLACEMENT,High,"This library is a 'Modern Functional Replacement' that addresses the core problem of PDF processing with JDK 17 support and improved performance. Sambox offers lazy loading/parsing of PDF objects and direct stream reading, solving the same underlying document processing needs as PDFBox. A developer would choose it today for its modern architecture and efficient handling of large PDF files, though migration would require adapting to its API differences."
org.apache.pdfbox:pdfbox,com.qwazr:qwazr-search,3,Specialized Functional Replacement,Medium,"This library is a 'Specialized Functional Replacement' focused specifically on content extraction from PDFs and other document formats. While not a full replacement for PDFBox's creation and manipulation capabilities, it provides a modern solution for the core problem of text and metadata extraction from PDFs. A developer would choose it when building content processing pipelines that require efficient extraction from multiple file formats."
org.apache.pdfbox:pdfbox,io.spring.platform:platform-bom,3,BOM,High,"This library is a Bill of Materials (BOM) that manages version consistency for over 100 third-party libraries integrated with Spring Boot, ensuring compatible dependency versions across all modules and user applications. It provides centralized dependency management, allowing developers to declare dependencies without specifying versions, which are instead managed by the BOM. This simplifies dependency management and reduces version conflicts in Spring-based projects."
org.apache.pdfbox:pdfbox,org.springframework.boot:spring-boot-dependencies,3,BOM,High,This library serves as a BOM that manages dependency versions for Spring Boot applications. It ensures version consistency across dependencies and simplifies dependency declarations by allowing developers to omit explicit version numbers. This BOM is widely used in both Maven and Gradle projects to streamline dependency management and ensure compatibility between libraries.
org.apache.pdfbox:pdfbox,de.codecentric:spring-boot-admin-dependencies,3,BOM,High,"This library is a BOM that provides a curated set of dependencies for using Spring Boot Admin, a community-driven project for monitoring and managing Spring Boot applications. It ensures compatibility between the admin server and client components, simplifying dependency management for projects that utilize Spring Boot Admin for operational insights and monitoring."
org.apache.velocity:velocity,org.springframework.boot:spring-boot-starter-thymeleaf,3,MODERN_REPLACEMENT,High,This library represents a 'Modern Replacement'. Thymeleaf is a modern server-side Java template engine that has largely replaced Velocity in the Spring ecosystem. The 'spring-boot-starter-thymeleaf' provides seamless integration with Spring Boot. This means migration involves changing the dependency from Velocity to this modern template engine starter package.
org.apache.velocity:velocity,org.springframework.boot:spring-boot-starter-mustache,3,MODERN_REPLACEMENT,High,This library represents a 'Modern Replacement'. Mustache is a logic-less template engine that has become a popular alternative to Velocity. The 'spring-boot-starter-mustache' provides integration with Spring Boot for this modern template engine. This means migration involves changing the dependency to this modern template engine starter package.
org.apache.velocity:velocity,org.springframework.boot:spring-boot-starter-web,3,FRAMEWORK_INTEGRATION,High,"This library represents a 'Framework Integration via Starter Package'. For projects using Spring Boot, 'spring-boot-starter-web' is the canonical way to incorporate web development capabilities. It replaces the need to manually manage Velocity by providing a curated set of libraries, ensuring compatibility. This means migration involves shifting the dependency from the original library to this starter package in the build file."
org.apache.velocity:velocity,org.springframework.boot:spring-boot-starter-test,3,FRAMEWORK_INTEGRATION,High,"This library represents a 'Framework Integration via Starter Package'. For projects using Spring Boot, 'spring-boot-starter-test' is the canonical way to incorporate testing. It replaces the need to manually manage TestNG by providing a curated set of libraries, ensuring compatibility. This means migration involves shifting the dependency from the original library to this starter package in the build file."
org.apache.velocity:velocity,org.springframework.boot:spring-boot-starter-tomcat,3,FRAMEWORK_INTEGRATION,High,"This library represents a 'Framework Integration via Starter Package'. For projects using Spring Boot, 'spring-boot-starter-tomcat' is the canonical way to incorporate Tomcat. It replaces the need to manually manage Tomcat by providing a curated set of libraries, ensuring compatibility. This means migration involves shifting the dependency from the original library to this starter package in the build file."
org.apache.velocity:velocity,io.pebbletemplates:pebble-spring-boot-2-starter,3,MODERN_REPLACEMENT,High,This library represents a 'Modern Replacement'. Pebble is a modern template engine with syntax similar to Twig (PHP). The 'pebble-spring-boot-2-starter' provides integration with Spring Boot for this modern template engine. This means migration involves changing the dependency to this modern template engine starter package.
org.apache.velocity:velocity,org.jtwig:jtwig-spring-boot-starter,3,MODERN_REPLACEMENT,High,This library represents a 'Modern Replacement'. Jtwig provides a modern template engine alternative to Velocity with similar capabilities but improved features. The 'jtwig-spring-boot-starter' provides seamless integration with Spring Boot. This means migration involves changing the dependency to this modern template engine starter package.
org.apache.velocity:velocity,com.alibaba.boot:velocity-spring-boot-starter,3,MODERN_REPLACEMENT,High,This library represents a 'Modern Replacement'. The 'velocity-spring-boot-starter' is a modern Spring Boot integration for Apache Velocity. It provides updated support and integration patterns for using Velocity within Spring Boot applications. This means migration involves updating the dependency to this specialized starter package in the build file.
org.bushe:eventbus,org.springframework:spring-context,3,MODERN_REPLACEMENT,High,"This library is a 'Modern Functional Replacement' that addresses the core problem of decoupled, event-driven communication through its comprehensive ApplicationEvent system. Spring's event mechanism provides a robust, container-managed approach to publish-subscribe messaging with support for asynchronous processing and transaction-aware event handling. A developer would choose this today as it solves the same underlying problem within a modern application framework, offering superior integration with dependency injection and broader enterprise features. Migration would involve adopting Spring's ApplicationEventPublisher and ApplicationListener interfaces."
org.bushe:eventbus,org.sejda:eventstudio,3,MODERN_REPLACEMENT,High,"This library is a 'Modern Functional Replacement' that addresses the core problem of lightweight publish-subscribe communication in Java applications. EventStudio provides a modern, annotation-driven event bus implementation with strong typing and thread-safe event delivery. A developer would choose this library today to solve the same underlying problem of component decoupling with a more contemporary API design that aligns with modern Java conventions. Migration would involve adapting to its streamlined annotation-based approach."
org.bushe:eventbus,org.reactfx:reactfx,3,MODERN_REPLACEMENT,Medium,"This library is a 'Modern Functional Replacement' that addresses the core problem of reactive event handling with a contemporary approach. ReactFX provides observable event streams and functional composition operators for building reactive systems. A developer would choose this today to solve event-driven communication challenges with a more declarative, functional programming model that prevents common concurrency issues. It offers a modern solution to the same underlying problem of component decoupling through observable event streams."
org.bushe:eventbus,org.mockito:mockito-all,3,SHADED_LIBRARY,Medium,"The library 'org.mockito:mockito-all' is identified as a 'Shaded / Repackaged / Bundled Library'. It includes a complete, repackaged version of the Mockito framework, which is often used to avoid version conflicts in projects. While it does not directly relate to the event bus functionality of 'org.bushe:eventbus', it serves as a structural artifact for bundling dependencies. This means migration would involve replacing the original library with this bundled version if Mockito is required in the project."
org.codehaus.castor:castor,org.springframework:spring-oxm,3,MODERN_REPLACEMENT,High,"This library is a 'Modern Functional Replacement' for Castor's XML binding capabilities. Spring OXM provides an abstraction layer for XML marshalling/unmarshalling that supports multiple technologies including JAXB (the modern standard), XStream, and even Castor itself. A developer would choose this today to solve XML data binding needs with a consistent, dependency-injection friendly API while maintaining flexibility to switch underlying implementations, aligning with modern Spring-based architectures."
org.codehaus.castor:castor,org.springframework:spring-jpa,3,MODERN_REPLACEMENT,High,"This library is a 'Modern Functional Replacement' for Castor's ORM capabilities. While Castor provided JDO-based persistence, Spring JPA offers a standardized abstraction over modern JPA implementations like Hibernate and EclipseLink. A developer would choose Spring JPA today to solve database persistence needs with type-safe repositories, transaction management, and integration with the broader Spring ecosystem, aligning with contemporary Java best practices."
org.codehaus.castor:castor,xerces:xercesImpl,3,SPECIALIZED FUNCTIONAL REPLACEMENT,Medium,"This library is a 'Specialized Functional Replacement' for Castor's XML parsing capabilities. While Xerces provides robust XML parsing, it doesn't offer the object binding/marshalling features that were core to Castor. A developer might use Xerces as a parser foundation but would need additional libraries for full object-XML mapping."
org.codehaus.castor:castor,org.apache.geronimo.modules:geronimo-j2ee,3,MODULARIZATION,High,"The 'org.apache.geronimo.modules:geronimo-j2ee' library is part of the Apache Geronimo project, which is described as a modular Java/OSGi server runtime that integrates various open-source components to meet enterprise needs. Apache Geronimo has shifted its focus from maintaining a full application server to delivering modular JavaEE/JakartaEE libraries and Microprofile implementations. This indicates that the 'geronimo-j2ee' module is one of the modular components derived from the larger Geronimo framework, aligning with Rule 8 (Library Split / Modularization). For migration, users should consider adopting the specific modular components they need from the Geronimo or JakartaEE ecosystem instead of relying on the monolithic application server. No specific structural relationship was found for 'geronimo-j2ee' beyond its modular nature within the broader Geronimo framework."
org.codehaus.castor:castor,org.apache.geronimo.bundles:castor,3,MODERN_REPLACEMENT,High,"The library 'org.apache.geronimo.bundles:castor' appears to be a repackaged version of Castor, but not a direct successor. The official successor to 'org.codehaus.castor:castor' is now maintained under 'org.codehaus.castor:castor-xml' as indicated by the project's GitHub documentation and Maven dependencies. The Geronimo version is an Apache-licensed wrapper for Castor 1.0.5, which is significantly older than the current versions available directly from the Castor project."
org.codehaus.castor:castor,org.apache.ws.commons.schema:XmlSchema,3,SPECIALIZED FUNCTIONAL REPLACEMENT,Medium,"This library is a 'Specialized Functional Replacement' for Castor's XML schema handling. While it provides XML schema processing capabilities, it doesn't offer the object binding/marshalling features that were core to Castor. A developer would use this for schema validation but would need additional libraries for object-XML mapping."
org.codehaus.groovy:groovy,org.springframework.boot:spring-boot-starter-mustache,3,FRAMEWORK_INTEGRATION,High,"This library represents a 'Framework Integration via Starter Package'. It is part of the Spring Boot ecosystem, specifically designed to integrate Mustache templates seamlessly into Spring Boot applications. The starter package simplifies dependency management by including all necessary libraries for Mustache support, ensuring compatibility and ease of use. This means migration involves shifting the dependency from the original library to this starter package in the build file, leveraging Spring Boot's auto-configuration capabilities for Mustache."
org.codehaus.groovy:groovy,org.jbehave:jbehave-groovy,3,FRAMEWORK_INTEGRATION,High,"This is a Groovy integration module for JBehave (BDD framework), not a functional replacement. It extends Groovy's usage but doesn't provide alternative language runtime capabilities. Developers would use this alongside Groovy for behavior-driven testing."
org.codehaus.groovy:groovy,org.elasticsearch.module:lang-groovy,3,FRAMEWORK_INTEGRATION,High,"This is an Elasticsearch plugin for Groovy scripting, not a functional replacement. It extends Groovy's usage within Elasticsearch but doesn't provide alternative language runtime. Developers would use this to script Elasticsearch with existing Groovy knowledge."
org.codehaus.groovy:groovy-all,org.elasticsearch.module:lang-groovy,3,FRAMEWORK_INTEGRATION,High,"This is a 'Framework Integration' that adds Groovy scripting support to Elasticsearch. While not a standalone Groovy distribution, it solves the core problem of embedding Groovy in applications. Developers would use this module to execute Groovy scripts within Elasticsearch queries and pipelines, providing similar functionality to the source library in a specialized context without requiring the full uber-jar."
org.codehaus.groovy:groovy-all,io.syndesis.extension:extension-api,3,FRAMEWORK_INTEGRATION,Medium,"This is a 'Framework Integration' that enables Groovy scripting within Syndesis integration platform. While not a direct replacement, it solves the core problem of embedding Groovy in applications. Developers would use this to incorporate Groovy scripts in integration flows, providing similar scripting capabilities in a controlled environment without needing the full uber-jar."
org.codehaus.groovy:groovy-all,io.syndesis.extension:extension-annotation-processor,3,FRAMEWORK_INTEGRATION,Medium,"As part of Syndesis' extension framework, this annotation processor supports Groovy scripting capabilities in integration workflows. It addresses the core need of embedding Groovy functionality within applications, though as a specialized component rather than a general replacement. Developers would use this when building custom Syndesis extensions with Groovy support."
org.codehaus.groovy:groovy-all,org.springframework.boot:spring-boot-starter-data-mongodb,3,FRAMEWORK_INTEGRATION,High,"This library represents a 'Framework Integration via Starter Package'. It is the canonical way to integrate MongoDB with Spring Boot applications, providing a curated set of dependencies for MongoDB and Spring Data MongoDB. While it does not replace the Groovy language, it exemplifies a best practice for using MongoDB in Spring Boot applications. Migration involves replacing manual dependency management with this starter package."
org.codehaus.groovy:groovy-all,io.syndesis.extension:extension-bom,1,BOM,High,"This library represents a 'Bill of Materials (BOM)' artifact. The Syndesis project uses this BOM to manage dependency versions for extensions, ensuring consistency and avoiding version conflicts. While it does not directly replace the Groovy language or its modules, it serves as a structural component for dependency management in the Syndesis ecosystem. This means migration involves aligning dependencies with the BOM rather than replacing functional components."
org.codehaus.jettison:jettison,com.fasterxml.jackson.core:jackson-databind,3,MODERN_REPLACEMENT,High,"This library is the definitive 'Modern Functional Replacement' for JSON processing in Java. Jackson has become the de facto standard, offering superior performance, more features, and better standards compliance than Jettison. Developers choose Jackson today for its comprehensive annotation support, streaming API, and seamless integration with modern frameworks, solving the core JSON processing problem without XML mapping conventions."
org.codehaus.jettison:jettison,org.glassfish.jersey.media:jersey-media-json-jackson,3,MODERN_REPLACEMENT,High,"This library is a 'Modern Functional Replacement' that specifically addresses Jettison's original role in JAX-RS implementations. It integrates Jackson as the JSON provider in Jersey, which has become the standard replacement for Jettison. Developers would choose this today for high-performance, annotation-based JSON processing in REST services without XML mapping conventions."
org.codehaus.jettison:jettison,javax.json:javax.json-api,3,MODERN_REPLACEMENT,High,"This library is a 'Modern Functional Replacement' that directly addresses Jettison's core problem through the Java API for JSON Processing (JSON-P) standard. It provides a StAX-like streaming API (JsonParser) for JSON processing, fulfilling the same role as Jettison but as an official Java standard. Developers would choose this today for standardized, maintainable JSON processing without XML conventions."
org.codehaus.jettison:jettison,com.sun.jersey:jersey-json,3,MODERN_REPLACEMENT,High,"This library is a 'Modern Functional Replacement' that addresses the core problem of JAX-RS JSON integration. While Jettison was historically used in Jersey, jersey-json provides a modern framework for JSON processing in REST services. A developer would choose it today for its standardized approach to content negotiation and serialization in JAX-RS implementations, replacing the need for Jettison's XML/JSON bridging."
org.codehaus.jettison:jettison,com.fasterxml.jackson.module:jackson-module-jaxb-annotations,3,MODERN_REPLACEMENT,High,"This library is a 'Modern Functional Replacement' that specifically addresses Jettison's JAXB integration capabilities. It allows Jackson to use JAXB annotations for JSON serialization, providing a modern solution to the same problem Jettison solved - bridging XML-based and JSON-based workflows. Developers would choose this today for annotation-based JSON serialization that works seamlessly with existing JAXB-annotated models."
org.codehaus.jettison:jettison,org.infinispan:infinispan-defaults-maven-plugin,1,MODULARIZATION,Medium,"This library is part of the Infinispan Maven plugins ecosystem, which suggests it is a modular component of the larger Infinispan project. It likely provides default configurations or build-time utilities for Infinispan, aligning with the 'Library Split / Modularization' rule. Migration would involve ensuring compatibility with the specific version of Infinispan being used."
org.dom4j:dom4j,io.netty:netty-all,3,SHADED_LIBRARY,High,"This library represents a 'Shaded/Repackaged Library' pattern. The Netty project explicitly states that netty-all is an 'All In One' package that contains all Netty modules in a single JAR file. This matches Rule 6 about shaded/repackaged libraries that bundle multiple modules together to avoid version conflicts. For migration purposes, this means developers can simplify dependency management by using this single artifact instead of managing multiple Netty modules separately."
org.dom4j:dom4j,com.luhuiguo:fastdfs-spring-boot-starter,3,FRAMEWORK_INTEGRATION,High,"This library represents a 'Framework Integration via Starter Package' pattern. The artifact name explicitly includes 'spring-boot-starter' which aligns with Spring Boot's convention for providing framework-integrated starters. The description confirms it's designed to simplify FastDFS integration with Spring Boot applications. This matches Rule 7 about framework integration starters. For migration purposes, this means developers can easily integrate FastDFS functionality into Spring Boot applications by simply adding this starter dependency."
org.dom4j:dom4j,org.jsoup:jsoup,3,MODERN_REPLACEMENT,High,"This library is a modern functional replacement for HTML/XML parsing and manipulation. While dom4j was designed for generic XML, Jsoup provides a jQuery-like API that simplifies document traversal and manipulation. A developer would choose Jsoup today for its intuitive CSS selectors, modern HTML5 parsing, and cleaner API, especially for web scraping and document processing tasks."
org.dom4j:dom4j,xerces:xercesImpl,3,COMPETITOR,High,"This library is a direct competitor in the XML parsing space. While dom4j focused on developer-friendly tree manipulation, Xerces provides robust standards-compliant parsing with strong validation features. A modern developer might choose Xerces for strict standards compliance, though both solve similar core XML processing problems with different API approaches."
org.dom4j:dom4j,org.xmlunit:xmlunit-matchers,3,Specialized Functional Replacement,High,"This library is a specialized tool for XML testing and comparison, replacing specific validation use cases of dom4j. While dom4j provided general XML processing, XMLUnit focuses on testing scenarios like document comparison and schema validation. A developer would choose XMLUnit to enhance test reliability for XML outputs without needing full DOM manipulation capabilities."
org.easymock:easymock,org.apache.maven.plugins:maven-install-plugin,3,FRAMEWORK_INTEGRATION,High,"This library represents a 'Framework Integration via Maven Plugin'. As a core Maven plugin, it is designed to copy project artifacts to the user's local repository, facilitating build automation and dependency management. This integration aligns with best practices for Maven-based projects, ensuring seamless handling of artifacts during the build lifecycle. Migration involves incorporating this plugin into the project's build configuration to manage artifact installation efficiently."
org.easymock:easymock,org.infinispan:infinispan-defaults-maven-plugin,3,MODERN_REPLACEMENT,High,"This library serves as a 'Modern Replacement' for legacy configurations in Infinispan projects. It provides default settings and configurations for Maven builds, enhancing ease of use and consistency across different environments. This plugin simplifies the setup process for developers by encapsulating common configurations, making it a valuable tool for modernizing build processes in Infinispan-based applications."
org.easymock:easymock,org.mockito:mockito-core,3,MODERN_REPLACEMENT,High,"This library is a 'Modern Functional Replacement' that solves the core problem of unit test isolation through mocking. While EasyMock pioneered dynamic mocking with its record-replay-verify pattern, Mockito offers a more flexible stubbing approach (when-thenReturn) that has become the industry standard. Developers choose Mockito today for its cleaner API, better error messages, spy support, and active maintenance. Migration involves replacing EasyMock's expectation syntax with Mockito's stubbing and verification patterns."
org.easymock:easymock,org.powermock:powermock-api-mockito,3,Specialized Functional Replacement,High,"This library is a 'Specialized Functional Replacement' that extends Mockito to solve specific limitations EasyMock couldn't address, particularly mocking static methods, constructors, and final classes. While not a direct replacement for EasyMock's core functionality, it represents an evolution where developers layer PowerMock over Mockito to handle challenging testing scenarios. A developer would use this combination today to test legacy code patterns that are difficult to refactor."
org.eclipse.persistence:eclipselink,org.apache.openjpa:openjpa,3,COMPETITOR,High,"This library is a 'Cross-Technology Competitor' that addresses the core problem of object-relational mapping through the JPA specification. While EclipseLink is a major JPA provider, OpenJPA is another mature, open-source implementation of JPA. A developer might choose OpenJPA for its specific performance characteristics or integration with the Apache ecosystem. Migration would involve adapting to OpenJPA's specific configuration and extension points while maintaining JPA compliance."
org.elasticsearch:elasticsearch,org.elasticsearch.client:elasticsearch-rest-high-level-client,3,MODERN_REPLACEMENT,High,The Java High Level REST Client is the recommended replacement for the deprecated TransportClient. It is actively maintained and serves as the modern way to interact with Elasticsearch. This is a direct successor for client-side interactions.
org.elasticsearch:elasticsearch,org.apache.lucene:lucene-core,3,MODERN_REPLACEMENT,High,"Lucene is the underlying search engine powering Elasticsearch, making it a 'Modern Functional Replacement' for the core indexing/search capabilities. While it doesn't provide the full embedded server experience, it solves the fundamental problem of programmatic search integration. A developer would choose Lucene directly for lightweight, non-distributed search needs without the overhead of a full Elasticsearch server. Migration would involve working with Lucene's lower-level APIs instead of Elasticsearch's higher-level abstractions."
org.elasticsearch:elasticsearch,org.infinispan:infinispan-gui-demo,3,COMPETITOR,Medium,"Infinispan serves as a 'Cross-Technology Competitor' that can be embedded and provides distributed data grid capabilities with search features via Lucene integration. While not a direct search server replacement, it solves similar distributed data problems in a different paradigm. A developer might choose Infinispan for use cases combining caching, distributed computing, and basic search capabilities in a single embedded solution."
org.elasticsearch:elasticsearch,org.springframework.boot:spring-boot-dependencies,3,BOM,Medium,"This library represents a 'Bill of Materials (BOM)' for Spring Boot. It manages dependency versions for the entire Spring Boot ecosystem, including Elasticsearch-related modules. While it does not directly replace the embedded Elasticsearch server, it ensures compatibility and version alignment for Spring Boot applications using Elasticsearch."
org.freemarker:freemarker,org.springframework.boot:spring-boot-starter-test,3,FRAMEWORK_INTEGRATION,High,"This library represents a 'Framework Integration via Starter Package'. It is the canonical way to incorporate testing in Spring Boot applications, providing a curated set of libraries including JUnit, Hamcrest, and Mockito. This ensures compatibility and simplifies dependency management, making it the recommended replacement for manual testing setups."
org.freemarker:freemarker,org.springframework.boot:spring-boot-starter-web,3,FRAMEWORK_INTEGRATION,High,"This library represents a 'Framework Integration via Starter Package'. It is the standard way to build web applications in Spring Boot, including RESTful services, using Spring MVC. It replaces the need to manually configure web-related dependencies, ensuring seamless integration with Spring Boot's auto-configuration."
org.freemarker:freemarker,org.mybatis.spring.boot:mybatis-spring-boot-starter,3,FRAMEWORK_INTEGRATION,High,"This library represents a 'Framework Integration via Starter Package'. It simplifies the integration of MyBatis with Spring Boot, reducing boilerplate configuration and providing auto-configuration for MyBatis components. This makes it the preferred choice for projects using MyBatis within the Spring Boot ecosystem."
org.freemarker:freemarker,org.springframework.boot:spring-boot-starter-data-jpa,3,FRAMEWORK_INTEGRATION,High,"This library represents a 'Framework Integration via Starter Package'. It simplifies the use of Spring Data JPA with Hibernate in Spring Boot applications, providing auto-configuration and reducing manual setup. This makes it the recommended choice for JPA-based data access in Spring Boot."
org.freemarker:freemarker,org.springframework.boot:spring-boot-starter-security,3,FRAMEWORK_INTEGRATION,High,"This library represents a 'Framework Integration via Starter Package'. It provides auto-configuration for Spring Security in Spring Boot applications, simplifying the setup of security features like authentication and authorization. This makes it the standard choice for securing Spring Boot applications."
org.freemarker:freemarker,org.apache.camel:camel-spring-boot-starter,3,FRAMEWORK_INTEGRATION,High,"This library represents a 'Framework Integration via Starter Package'. It provides auto-configuration for Apache Camel in Spring Boot applications, simplifying the setup of integration routes and components. This makes it the recommended choice for using Camel within the Spring Boot ecosystem."
org.freemarker:freemarker,org.springframework.boot:spring-boot-starter-parent,3,BOM,High,"This library represents a 'Bill of Materials (BOM)'. It provides dependency and plugin management for Spring Boot applications, ensuring consistent versions across all Spring Boot modules. This is essential for maintaining compatibility and simplifying dependency management in Maven-based projects."
org.freemarker:freemarker,org.keycloak:keycloak-dependencies-server-all,3,BOM,Medium,"This library represents a 'Bill of Materials (BOM)'. It aggregates dependencies for Keycloak server deployments, ensuring version compatibility across all Keycloak components. This is essential for managing dependencies in Keycloak-based projects."
org.freemarker:freemarker,org.jboss.integration-platform:jboss-integration-platform-bom,3,BOM,Medium,"This library represents a 'Bill of Materials (BOM)'. It provides dependency management for JBoss integration projects, including SwitchYard, Drools, and jBPM. This ensures consistent versions and simplifies dependency management in JBoss-based applications."
org.freemarker:freemarker,com.oracle.ozark.ext:ozark-freemarker,1,NO_RELATIONSHIP,,No direct evidence of an evolutionary relationship was found between the original FreeMarker library and this candidate. The search results did not yield any relevant information linking the two projects.
org.freemarker:freemarker,org.springframework.boot:spring-boot-devtools,1,NO_RELATIONSHIP,High,Could not establish a clear functional relationship or competitive positioning. DevTools provides development-time features like automatic restarts but lacks templating capabilities.
org.freemarker:freemarker,javax.servlet:javax.servlet-api,1,NO_RELATIONSHIP,High,"Could not establish a clear functional relationship or competitive positioning. This is a core Servlet API specification, not a template engine."
org.freemarker:freemarker,net.unit8.enkan:enkan-component-jackson,1,NO_RELATIONSHIP,High,"Could not establish a clear functional relationship or competitive positioning. This component provides JSON processing via Jackson, not templating functionality."
org.freemarker:freemarker,org.jboss.forge.addon:templates,3,FRAMEWORK_INTEGRATION,Medium,This is a 'Framework Integration' that uses FreeMarker internally for template processing within JBoss Forge. It doesn't serve as a standalone template engine replacement but demonstrates how FreeMarker integrates with development tools. A developer would use this for Forge-specific template operations rather than as a general-purpose templating solution.
org.freemarker:freemarker,net.sourceforge.pmd:pmd,1,NO_RELATIONSHIP,High,Could not establish a clear functional relationship or competitive positioning. PMD is a static code analysis tool unrelated to templating.
org.freemarker:freemarker,org.codehaus.gmaven.runtime:gmaven-runtime-2.0,1,NO_RELATIONSHIP,High,"Could not establish a clear functional relationship or competitive positioning. This is a Maven plugin runtime for Groovy, not a template engine."
org.freemarker:freemarker,com.github.spullara.mustache.java:compiler,3,COMPETITOR,High,"This library is a 'Cross-Technology Competitor' that solves the core problem of separating presentation from logic through templating. Mustache.java implements the logic-less Mustache templating language, providing a simpler alternative to FreeMarker's more feature-rich approach. A modern developer would choose Mustache for its simplicity, cross-language compatibility, and shallow learning curve, especially when working with frontend developers familiar with Mustache.js."
org.freemarker:freemarker,org.codehaus.groovy:groovy-eclipse-compiler,1,NO_RELATIONSHIP,High,Could not establish a clear functional relationship or competitive positioning. This is a compiler component for Groovy Eclipse tooling.
org.freemarker:freemarker,org.codehaus.groovy:groovy-eclipse-batch,1,NO_RELATIONSHIP,High,Could not establish a clear functional relationship or competitive positioning. This is a batch processing component for Groovy Eclipse.
org.freemarker:freemarker,org.springframework.boot:spring-boot-starter-test,1,NO_RELATIONSHIP,High,"Could not establish a clear functional relationship or competitive positioning. This starter provides testing utilities, not templating capabilities."
org.freemarker:freemarker,org.springframework.boot:spring-boot-starter-web,3,FRAMEWORK_INTEGRATION,High,"This is a 'Framework Integration' that enables templating through auto-configuration. While not a template engine itself, it provides the foundation for using templating engines like FreeMarker in Spring Boot applications. A developer would use this starter to quickly set up a web application with templating support, solving the core integration problem rather than providing direct templating functionality."
org.freemarker:freemarker,org.mybatis.spring.boot:mybatis-spring-boot-starter,1,NO_RELATIONSHIP,High,Could not establish a clear functional relationship or competitive positioning. This starter integrates MyBatis database access with Spring Boot.
org.freemarker:freemarker,org.springframework.boot:spring-boot-starter-parent,1,NO_RELATIONSHIP,High,"Could not establish a clear functional relationship or competitive positioning. This is a parent POM for dependency management, not a functional library."
org.freemarker:freemarker,org.springframework.boot:spring-boot-starter-data-jpa,1,NO_RELATIONSHIP,High,Could not establish a clear functional relationship or competitive positioning. This starter provides JPA database access support.
org.freemarker:freemarker,org.springframework.boot:spring-boot-starter-security,1,NO_RELATIONSHIP,High,"Could not establish a clear functional relationship or competitive positioning. This starter provides security features, not templating capabilities."
org.freemarker:freemarker,org.keycloak:keycloak-dependencies-server-all,1,NO_RELATIONSHIP,High,Could not establish a clear functional relationship or competitive positioning. Keycloak is an identity and access management solution.
org.freemarker:freemarker,org.jboss.integration-platform:jboss-integration-platform-bom,1,NO_RELATIONSHIP,High,Could not establish a clear functional relationship or competitive positioning. This is a Bill of Materials for dependency management.
org.freemarker:freemarker,org.apache.camel:camel-spring-boot-starter,1,NO_RELATIONSHIP,High,"Could not establish a clear functional relationship or competitive positioning. Apache Camel provides integration patterns, not templating capabilities."
org.fusesource.jansi:jansi,org.jline:jline-terminal-jna,3,MODERN_REPLACEMENT,High,"This library is a 'Modern Functional Replacement' that provides a comprehensive solution for terminal handling. While Jansi focuses exclusively on ANSI escape sequences, JLine Terminal JNA offers a complete terminal abstraction with native integration through Java Native Access. A developer would choose this today for robust cross-platform terminal support that goes beyond basic ANSI styling. Migration would involve adopting JLine's terminal API for enhanced capabilities."
org.fusesource.jansi:jansi,org.jline:jline-builtins,3,MODERN_REPLACEMENT,High,"This library is a 'Modern Functional Replacement' that addresses the core problem of advanced console interaction. While Jansi provides basic ANSI escape sequence handling, JLine offers a comprehensive solution for console input handling (similar to GNU Readline) with built-in ANSI support. A developer would choose JLine today for rich console applications that require both input processing and output styling. Migration would involve adopting the JLine API for a more feature-complete solution."
org.fusesource.jansi:jansi,org.infinispan:infinispan-defaults-maven-plugin,3,MODERN_REPLACEMENT,Medium,"The infinispan-defaults-maven-plugin is a Maven plugin that sets default configurations for Infinispan projects. While it does not directly relate to Jansi, it represents a modern approach to managing project defaults within the Infinispan ecosystem. This plugin can be seen as a structural component that streamlines project setup and configuration, making it a valid modern replacement for manual configuration practices that Jansi might have supported in older projects."
org.fusesource.jansi:jansi,org.infinispan.server:infinispan-server-feature-pack,3,MODERN_REPLACEMENT,Medium,"The Infinispan Server Feature Pack is designed to provide a comprehensive set of features for running Infinispan as a server. While it does not directly relate to Jansi, it represents a modern approach to deploying and managing Infinispan in a server environment. This feature pack includes all necessary dependencies and configurations, making it a valid modern replacement for older, manually configured setups that Jansi might have supported."
org.fusesource.jansi:jansi,org.wildfly:wildfly-web-feature-pack,3,BOM,High,"The WildFly Web Feature Pack is a Bill of Materials (BOM) that provides a curated set of dependencies for web applications running on the WildFly server. It does not directly relate to Jansi but serves as a structural component that manages version compatibility across the ecosystem. This feature pack simplifies dependency management, ensuring that all included libraries work seamlessly together, which is a key characteristic of a BOM."
org.fusesource.jansi:jansi,org.wildfly:wildfly-feature-pack,3,BOM,High,"The WildFly Feature Pack is a Bill of Materials (BOM) that provides a curated set of dependencies for applications running on the WildFly server. It does not directly relate to Jansi but serves as a structural component that manages version compatibility across the ecosystem. This feature pack simplifies dependency management, ensuring that all included libraries work seamlessly together, which is a key characteristic of a BOM."
org.fusesource.jansi:jansi,org.apache.karaf.shell:org.apache.karaf.shell.console,3,FRAMEWORK_INTEGRATION,High,"This library represents a 'Framework Integration' pattern. While not a direct replacement for Jansi, it integrates Jansi as part of its console functionality. Karaf's shell console uses Jansi internally to enable cross-platform ANSI escape sequence support, making it a consumer rather than a competitor. A developer would use this framework for comprehensive shell capabilities rather than as a direct alternative to Jansi."
org.hamcrest:hamcrest-all,org.assertj:assertj-core,3,MODERN_REPLACEMENT,High,"AssertJ is a modern functional replacement for Hamcrest that solves the same core problem of writing readable, expressive test assertions. It provides a fluent API that offers better readability and more comprehensive assertion capabilities than Hamcrest. Developers would choose AssertJ today for its superior error messages, rich set of assertions, and modern fluent interface that makes tests more maintainable."
org.hamcrest:hamcrest-all,org.junit.jupiter:junit-jupiter-engine,3,MODERN_REPLACEMENT,High,"JUnit Jupiter provides a modern assertion API that solves the same core problem as Hamcrest - creating readable test validations. With its fluent assertions and rich set of built-in matchers, it offers a compelling alternative to Hamcrest. Developers would choose JUnit 5 today for its integrated, type-safe assertion API that reduces dependency on external libraries while providing similar expressiveness."
org.hamcrest:hamcrest-all,org.springframework.boot:spring-boot-starter-test,3,FRAMEWORK_INTEGRATION,High,"This library represents a 'Framework Integration via Starter Package'. For projects using Spring Boot, 'spring-boot-starter-test' is the canonical way to incorporate testing. It replaces the need to manually manage Hamcrest by providing a curated set of libraries including JUnit, AssertJ, and Hamcrest, ensuring compatibility. This means migration involves shifting the dependency from the original Hamcrest library to this starter package in the build file, as the starter will manage the Hamcrest dependency transitively."
org.hamcrest:hamcrest-all,org.switchyard:switchyard-bom,3,BOM,High,"This library represents a 'Bill of Materials (BOM)'. The SwitchYard BOM serves as a centralized version management tool for all SwitchYard components. This means migration involves importing the BOM into your project's dependency management section, allowing you to use individual SwitchYard modules without specifying versions, ensuring consistency and simplifying dependency management."
org.hamcrest:hamcrest-all,org.junit:junit-bom,3,BOM,High,"This library represents a 'Bill of Materials (BOM)'. The JUnit BOM provides a centralized way to manage JUnit dependencies, ensuring version consistency across multiple JUnit artifacts. This means migration involves importing the BOM into your project's dependency management section, allowing you to declare individual JUnit dependencies without specifying versions, simplifying dependency management and ensuring compatibility."
org.hamcrest:hamcrest-core,org.assertj:assertj-core,3,MODERN_REPLACEMENT,High,"This library is the definitive 'Modern Functional Replacement' for Hamcrest Core. AssertJ solves the original problem of writing expressive, readable assertions through its fluent API, while providing superior IDE support and more comprehensive features than Hamcrest. It represents how modern Java developers solve the assertion problem today, with type-specific assertion chains that make tests more maintainable. Migration from Hamcrest involves adapting to a fluent programming style that reduces boilerplate."
org.hamcrest:hamcrest-core,org.easytesting:fest-assert-core,3,MODERN_REPLACEMENT,High,"This library is a 'Modern Functional Replacement' that addresses the core problem of expressive test assertions. Fest provided a fluent assertion API that improved upon Hamcrest's matcher syntax with better IDE support and readability. While now superseded by AssertJ, it represented an evolutionary step in solving the same fundamental problem of writing maintainable test assertions. A developer would have chosen Fest during its active period as a more modern alternative to Hamcrest, requiring migration to a fluent assertion style."
org.hamcrest:hamcrest-core,org.springframework.boot:spring-boot-starter-test,3,FRAMEWORK_INTEGRATION,High,"This library represents a 'Framework Integration via Starter Package'. For projects using Spring Boot, 'spring-boot-starter-test' is the canonical way to incorporate testing. It replaces the need to manually manage Hamcrest by providing a curated set of libraries, ensuring compatibility. This means migration involves shifting the dependency from the original library to this starter package in the build file."
org.hamcrest:hamcrest-core,org.springframework.boot:spring-boot-dependencies,1,BOM,High,"This library represents a 'Bill of Materials' (BOM) that manages the version set for the entire Spring Boot ecosystem. It includes 'hamcrest-core' among many other dependencies, providing version management and compatibility assurance across the Spring ecosystem."
org.hamcrest:hamcrest-library,org.assertj:assertj-core,3,MODERN_REPLACEMENT,High,"This library is a 'Modern Functional Replacement' that addresses the core problem of expressive testing assertions. While Hamcrest provided matcher-based assertions, AssertJ offers a more fluent, chainable API with superior error messages and comprehensive built-in assertions. A developer would choose AssertJ today for its modern syntax that eliminates the need for custom matchers in most cases, better IDE support, and natural alignment with Java 8+ features."
org.hamcrest:hamcrest-library,com.google.truth:truth,3,MODERN_REPLACEMENT,High,"This library is a 'Modern Functional Replacement' that solves the same core problem of expressive test assertions with a philosophy of simplicity and extensibility. Truth provides a clean, readable API comparable to AssertJ, with Google's official support and special optimizations for Android. A developer would choose Truth for projects needing a lightweight yet powerful assertion library with strong community backing."
org.hamcrest:hamcrest-library,org.easytesting:fest-assert-core,3,MODERN_REPLACEMENT,Medium,"This library represents an evolutionary step between Hamcrest and modern assertion libraries. As a precursor to AssertJ, FEST offered early fluent assertion capabilities that improved on Hamcrest's syntax. While largely superseded by AssertJ, it historically solved the same core problem of readable test assertions in a more fluid style."
org.hamcrest:hamcrest-library,org.springframework.boot:spring-boot-starter-test,3,FRAMEWORK_INTEGRATION,Medium,This is a 'Framework Integration' that bundles Hamcrest alongside other testing libraries like AssertJ and Mockito. It solves the dependency management aspect of testing rather than directly replacing Hamcrest's functionality. A developer would use this starter to get a pre-configured testing environment that includes Hamcrest matchers alongside modern alternatives.
org.hibernate:hibernate-core,org.springframework.boot:spring-boot-starter-data-jpa,3,FRAMEWORK_INTEGRATION,High,"This library represents a 'Framework Integration via Starter Package'. For projects using Spring Boot, 'spring-boot-starter-data-jpa' is the canonical way to incorporate JPA and Hibernate for data persistence. It replaces the need to manually manage Hibernate by providing a curated set of libraries, ensuring compatibility with Spring's ecosystem. This means migration involves shifting the dependency from the original Hibernate library to this starter package in the build file."
org.hibernate:hibernate-core,org.hibernate.javax.persistence:hibernate-jpa-2.1-api,3,MODERN_REPLACEMENT,High,"This library represents the JPA specification itself, which is the modern standard that Hibernate implements. While Hibernate provides the ORM implementation, this artifact is the standardized API that defines persistence contracts. A modern developer would use this specification to ensure portability across ORM implementations, with Hibernate being one compliant provider. This represents an evolution where the industry moved from proprietary ORM APIs to standardized persistence interfaces."
org.hibernate:hibernate-core,org.springframework.data:spring-data-jpa,3,MODERN_REPLACEMENT,High,"This is a 'Modern Functional Replacement' that provides a higher-level abstraction over JPA implementations like Hibernate. It addresses the core problem of data persistence through repository patterns and derived queries, reducing boilerplate code. Developers would choose this for rapid development of data access layers while still leveraging Hibernate under the hood as the JPA provider."
org.hibernate:hibernate-core,org.springframework:spring-orm,3,FRAMEWORK_INTEGRATION,High,"This is a 'Framework Integration' component that provides seamless integration between Spring and ORM tools like Hibernate. Rather than replacing Hibernate, it enhances its usability within Spring applications through consistent transaction management and exception handling. Developers would use this to simplify Hibernate configuration and leverage Spring's transaction control."
org.hibernate:hibernate-core,org.springframework:spring-tx,3,FRAMEWORK_INTEGRATION,High,"This 'Framework Integration' component provides transaction management utilities that complement rather than replace Hibernate. It enables consistent transaction control across different persistence technologies within Spring applications, often coordinating with Hibernate's transaction capabilities."
org.hibernate:hibernate-core,org.mybatis:mybatis,3,COMPETITOR,High,"MyBatis is a 'Cross-Technology Competitor' offering a SQL-centric approach to persistence as an alternative to Hibernate's ORM model. Developers might choose it for scenarios requiring explicit SQL control, complex query optimization, or when avoiding ORM abstraction overhead. It solves the same core data access problem but through different technical means."
org.hibernate:hibernate-core,org.mybatis:mybatis-spring,3,COMPETITOR,High,"MyBatis is a 'Cross-Technology Competitor' that addresses the same core problem of database persistence but through SQL mapping rather than full ORM. Developers might choose MyBatis for finer control over SQL queries and simpler data mapping needs, particularly when working with complex legacy databases or preferring explicit SQL over ORM abstraction."
org.hibernate:hibernate-core,org.springframework:spring-jdbc,3,Specialized Functional Replacement,Medium,"This is a 'Specialized Functional Replacement' for JDBC access patterns within Spring applications. While not a full ORM solution, it provides an alternative approach to database access that developers might choose for simpler applications requiring direct SQL control without ORM overhead. It represents a technical evolution where developers select focused tools for specific persistence tasks."
org.hibernate:hibernate-core,org.jboss.shrinkwrap.resolver:shrinkwrap-resolver-bom,3,BOM,High,"This library represents a 'Bill of Materials (BOM)'. It serves as a centralized dependency management solution for the ShrinkWrap Resolver project, aligning with Rule 4. The BOM coordinates versions of related libraries, simplifying dependency management. While not a direct successor to Hibernate Core, it plays a structural role in managing dependencies for projects that may use Hibernate. This means migration involves leveraging this BOM to manage versions of ShrinkWrap Resolver dependencies in the build file."
org.hibernate:hibernate-core,org.springframework.boot:spring-boot-dependencies,3,BOM,High,"This library represents a 'Bill of Materials (BOM)'. It serves as a centralized dependency management solution for the Spring Boot ecosystem, aligning with Rule 4. The BOM coordinates versions of related Spring libraries, including Hibernate, simplifying dependency management. While not a direct successor to Hibernate Core, it plays a structural role in managing versions of Spring Boot dependencies, including Hibernate, in the build file."
org.hibernate:hibernate-entitymanager,org.springframework.boot:spring-boot-starter-data-jpa,3,FRAMEWORK_INTEGRATION,High,"This library represents a 'Framework Integration via Starter Package'. It is the canonical way to integrate Spring Data JPA with Hibernate in a Spring Boot application, replacing the need to manually manage JPA dependencies. Migration involves shifting the dependency from the original library to this starter package in the build file."
org.hibernate:hibernate-entitymanager,org.springframework.boot:spring-boot-starter-test,3,FRAMEWORK_INTEGRATION,High,"This library represents a 'Framework Integration via Starter Package'. It provides a curated set of testing libraries (e.g., JUnit, Mockito) for Spring Boot applications, ensuring compatibility and simplifying dependency management. Migration involves replacing manual test library configurations with this starter package."
org.hibernate:hibernate-entitymanager,org.springframework.boot:spring-boot-starter-web,3,FRAMEWORK_INTEGRATION,High,"This library represents a 'Framework Integration via Starter Package'. It is the standard way to build web applications, including RESTful services, using Spring MVC in a Spring Boot environment. Migration involves replacing manual web dependency configurations with this starter package."
org.hibernate:hibernate-entitymanager,org.springframework.boot:spring-boot-starter-security,3,FRAMEWORK_INTEGRATION,High,"This library represents a 'Framework Integration via Starter Package'. It simplifies the integration of Spring Security into a Spring Boot application, providing production-ready security features. Migration involves replacing manual security configurations with this starter package."
org.hibernate:hibernate-entitymanager,org.springframework.boot:spring-boot-starter-actuator,3,FRAMEWORK_INTEGRATION,High,This library represents a 'Framework Integration via Starter Package'. It provides production-ready features for monitoring and managing Spring Boot applications. Migration involves replacing manual actuator configurations with this starter package.
org.hibernate:hibernate-entitymanager,org.springframework.boot:spring-boot-devtools,3,FRAMEWORK_INTEGRATION,High,This library represents a 'Framework Integration via Developer Tools'. It enhances the development experience for Spring Boot applications with features like automatic restarts. Migration involves adding this dependency for development purposes.
org.hibernate:hibernate-entitymanager,org.springframework.boot:spring-boot-starter-mail,3,FRAMEWORK_INTEGRATION,High,This library represents a 'Framework Integration via Starter Package'. It simplifies the integration of Java Mail and Spring's email support in a Spring Boot application. Migration involves replacing manual email configurations with this starter package.
org.hibernate:hibernate-entitymanager,org.springframework.boot:spring-boot-starter-data-mongodb,3,FRAMEWORK_INTEGRATION,High,This library represents a 'Framework Integration via Starter Package'. It provides seamless integration with MongoDB in a Spring Boot application. Migration involves replacing manual MongoDB configurations with this starter package.
org.hibernate:hibernate-entitymanager,org.springframework.boot:spring-boot-starter-logging,3,FRAMEWORK_INTEGRATION,High,"This library represents a 'Framework Integration via Starter Package'. It provides default logging configurations for Spring Boot applications, ensuring compatibility and ease of use. Migration involves replacing manual logging configurations with this starter package."
org.hibernate:hibernate-entitymanager,org.springframework.boot:spring-boot-starter-jdbc,3,FRAMEWORK_INTEGRATION,High,This library represents a 'Framework Integration via Starter Package'. It simplifies the integration of JDBC with the HikariCP connection pool in a Spring Boot application. Migration involves replacing manual JDBC configurations with this starter package.
org.hibernate:hibernate-entitymanager,org.jboss.shrinkwrap.resolver:shrinkwrap-resolver-bom,3,BOM,High,"This library represents a 'Bill of Materials (BOM)'. It centralizes dependency management for the ShrinkWrap Resolver Project, ensuring version consistency. Migration involves using this BOM to manage dependencies."
org.hibernate:hibernate-entitymanager,org.apache.openjpa:openjpa,3,COMPETITOR,High,"This library is a 'Cross-Technology Competitor' that provides an alternative JPA implementation. Like Hibernate EntityManager, OpenJPA implements the JPA specification for object-relational mapping. A developer might choose it for its specific performance characteristics or integration features, though Hibernate remains more widely adopted. Migration would require similar JPA patterns but different configuration and tuning."
org.hibernate:hibernate-entitymanager,org.eclipse.persistence:org.eclipse.persistence.jpa,3,COMPETITOR,High,"This library is a 'Cross-Technology Competitor' as EclipseLink's JPA implementation. It provides full JPA specification compliance like Hibernate EntityManager, with different optimization approaches. Originally from Oracle, it's often chosen in Java EE environments or for specific database features. Migration would involve similar JPA concepts but different performance tuning and extension points."
org.hibernate:hibernate-entitymanager,net.bytebuddy:byte-buddy-dep,3,FRAMEWORK_INTEGRATION,High,"This is a 'Framework Integration' component used internally by Hibernate for bytecode manipulation. While not a direct competitor, it solves a sub-problem (runtime proxying) that enables Hibernate's functionality. A developer would use it indirectly through Hibernate rather than as a replacement for the EntityManager pattern."
org.hibernate:hibernate-entitymanager,org.springframework:spring-context,3,FRAMEWORK_INTEGRATION,High,"This is a 'Framework Integration' component that provides dependency injection for JPA applications but doesn't implement JPA itself. Spring Context simplifies configuration and management of EntityManager instances in Spring applications. A developer would use it alongside Hibernate or other JPA providers for better integration, not as a replacement."
org.hsqldb:hsqldb,com.h2database:h2,3,MODERN_REPLACEMENT,High,"H2 is a 'Modern Functional Replacement' that addresses the core problem of embedded SQL databases in Java applications. While HSQLDB was a pioneering solution for lightweight database needs, H2 has become the de facto standard for modern Java applications requiring embedded databases, offering improved performance, enhanced SQL compliance, and better compatibility with current Java versions. Developers would choose H2 today for its superior speed, smaller footprint, and active maintenance community. Migration from HSQLDB is straightforward due to similar JDBC interfaces."
org.hsqldb:hsqldb,io.spring.platform:platform-bom,3,BOM,Medium,"This library serves as a Bill of Materials (BOM) for Spring projects, managing the versions of various Spring components. It ensures compatibility across the Spring ecosystem by providing a curated set of dependencies. This means that it can help manage the versions of libraries that interact with HSQLDB, such as Spring Boot, by ensuring that all components are compatible with each other."
org.hsqldb:hsqldb,org.springframework.boot:spring-boot-starter-test,3,FRAMEWORK_INTEGRATION,High,"This library represents a 'Framework Integration via Starter Package'. For projects using Spring Boot, 'spring-boot-starter-test' is the canonical way to incorporate testing. It replaces the need to manually manage TestNG by providing a curated set of libraries, ensuring compatibility. This means migration involves shifting the dependency from the original library to this starter package in the build file."
org.htmlparser:htmlparser,org.jsoup:jsoup,3,MODERN_REPLACEMENT,High,"The library `org.jsoup:jsoup` is the modern, actively maintained, and feature-rich de facto standard for HTML parsing and manipulation in Java. While it does not share the same `groupId` or `artifactId` as the obsolete `org.htmlparser:htmlparser`, it serves the same core purpose (HTML parsing and web scraping) and is widely recognized as the successor in the Java ecosystem. The original `htmlparser` has been unmaintained since around 2006, and `jsoup` has since become the go-to solution for these tasks."
org.htmlparser:htmlparser,net.sourceforge.nekohtml:nekohtml,3,COMPETITOR,High,"This library is a 'Cross-Technology Competitor' that addresses the same core problem of parsing real-world, malformed HTML documents. It provides similar capabilities for converting HTML into well-formed structures accessible through standard XML interfaces, with explicit tolerance for common HTML authoring errors. While both libraries originated in the same era, NekoHTML offers a different implementation approach focused on XML compliance. A developer might consider this alternative for legacy system maintenance, though modern projects would prefer Jsoup for its active maintenance and enhanced features."
org.htmlparser:htmlparser,org.eclipse.jetty.aggregate:jetty-all,3,SHADED_LIBRARY,High,"The library 'org.eclipse.jetty.aggregate:jetty-all' is identified as a 'Shaded / Repackaged / Bundled Library' under Rule 6. It serves as an aggregate artifact that bundles multiple Jetty modules into a single, convenient package. This is particularly useful for simplifying dependency management in projects that require a comprehensive set of Jetty functionalities without manually including each module. The evidence includes references to its use in OSGi environments and its historical role as a bundled artifact in older Jetty versions. Migration to this library would involve replacing individual Jetty module dependencies with this single, all-encompassing artifact."
org.javassist:javassist,org.jboss.classfilewriter:jboss-classfilewriter,3,MODERN_REPLACEMENT,High,"This library is a 'Modern Functional Replacement' that addresses the core problem of runtime bytecode generation. While Javassist provides a source-level API for bytecode manipulation, JBoss Classfilewriter offers a more modern fluent API for programmatic class creation with better performance characteristics. Developers would choose it today for generating new classes at runtime with a cleaner, more type-safe interface compared to Javassist's string-based approach."
org.javassist:javassist,asm:asm,3,MODERN_REPLACEMENT,High,This library is a 'Modern Functional Replacement' for bytecode manipulation. ASM's core library provides fundamental bytecode manipulation capabilities with better performance than Javassist. Developers would choose it today for building high-performance bytecode engineering tools where direct bytecode access is preferred over source-level abstractions.
org.javassist:javassist,org.ow2.asm:asm,3,MODERN_REPLACEMENT,High,This library is a 'Modern Functional Replacement' identical to asm:asm but under a different groupId. It provides the same core bytecode manipulation functionality that solves the same problems as Javassist but with a focus on performance and low-level control. Developers would choose it today for the same reasons as ASM - it's the industry standard for efficient bytecode manipulation in modern JVM tooling.
org.javassist:javassist,org.infinispan:infinispan-defaults-maven-plugin,3,MODERN_REPLACEMENT,High,"The 'org.infinispan:infinispan-defaults-maven-plugin' is a Maven plugin that simplifies the configuration of Infinispan by providing default settings for embedded caches and other capabilities. Infinispan is an in-memory data grid that offers high-performance, distributed caching solutions. This plugin is part of the modern Infinispan ecosystem and provides a streamlined way to integrate Infinispan into Java applications, aligning with the structural pattern of 'Modern Replacement' as it enhances the developer experience compared to older caching or bytecode manipulation libraries. It is particularly useful for projects looking to modernize their caching strategy."
org.javassist:javassist,org.jboss.integration-platform:jboss-integration-platform-bom,3,BOM,High,"The 'org.jboss.integration-platform:jboss-integration-platform-bom' library is a Bill of Materials (BOM) that manages the version set for the JBoss Integration Platform ecosystem. This BOM provides a curated set of dependencies and their versions, ensuring compatibility across components within the JBoss ecosystem. It simplifies dependency management by allowing developers to import the BOM into their Maven projects and inherit the predefined versions of related libraries. This aligns with the structural pattern of 'Ecosystem & Bill of Materials (BOM)' and serves as a critical component for maintaining consistent versions across JBoss-based applications."
org.javassist:javassist,org.jboss.forge:forge-javassist,3,FRAMEWORK_INTEGRATION,Medium,"This library integrates Javassist into the JBoss Forge framework rather than replacing it. Developers would use it within the Forge ecosystem for bytecode manipulation tasks, but it doesn't provide alternative bytecode manipulation capabilities."
org.jboss.arquillian.junit:arquillian-junit-container,org.jboss.arquillian:arquillian-bom,3,BOM,High,"This library is identified as a 'Bill of Materials' (BOM) for the Arquillian ecosystem. It manages dependency versions for the entire Arquillian framework, ensuring compatibility across its modules. This means it provides a structural relationship by centralizing version management for libraries like 'arquillian-junit-container'. Migration implications include updating the dependency to align with the BOM's curated versions."
org.jboss.arquillian.junit:arquillian-junit-container,org.jboss.shrinkwrap.resolver:shrinkwrap-resolver-bom,3,BOM,High,"This library is a 'Bill of Materials' (BOM) for the ShrinkWrap Resolver project, which is a core component of the Arquillian ecosystem. It manages dependencies for resolving artifacts from Maven repositories, often used in conjunction with Arquillian for testing. Migration implications include aligning dependency versions with this BOM for consistency."
org.jboss.arquillian.junit:arquillian-junit-container,org.wildfly.arquillian:wildfly-arquillian-container-remote,3,FRAMEWORK_INTEGRATION,High,"This library is a Framework Integration that extends Arquillian's core functionality specifically for WildFly application servers. It directly complements the source library by providing specialized container adapters, solving the same core problem of in-container testing but with optimized WildFly integration. A developer would use this alongside the source library when targeting WildFly deployments."
org.jboss.arquillian.junit:arquillian-junit-container,org.apache.camel:camel-test-cdi,3,MODERN_REPLACEMENT,Medium,"This library is a Modern Functional Replacement for CDI-based integration testing within the Apache Camel ecosystem. It provides container-like testing capabilities specifically for Camel routes using CDI, solving similar isolation and dependency injection challenges as Arquillian but in a more specialized context. A developer working with Camel would choose this for its lightweight approach to integration testing without needing full application server deployment."
org.jboss.arquillian.junit:arquillian-junit-container,org.jboss.arquillian.testng:arquillian-testng-container,3,COMPETITOR,High,"This library is a direct functional alternative within the Arquillian ecosystem that addresses the same core problem of in-container testing, but for the TestNG framework instead of JUnit. It provides identical container management and dependency injection capabilities, differing only in the underlying testing framework. A developer would choose this when preferring TestNG's features like test grouping and parameterization while maintaining Arquillian's container-based testing approach."
org.jboss.arquillian.junit:arquillian-junit-container,org.springframework:spring-test,3,COMPETITOR,High,"This library is a Cross-Technology Competitor that provides Spring-specific integration testing capabilities. While it solves similar integration testing problems, it uses a different approach with mock MVC and test context management instead of full container deployment. A developer would choose this for Spring applications where lightweight testing without full container startup is preferred over Arquillian's more comprehensive but heavier approach."
org.jboss.arquillian.junit:arquillian-junit-container,org.seedstack.seed:seed-testing-junit4,3,COMPETITOR,Medium,This library is a Cross-Technology Competitor providing testing utilities for the SeedStack framework with JUnit 4 integration. It offers dependency injection and test isolation features similar to Arquillian but within a specific framework context. A developer using SeedStack would choose this for its native integration and lightweight approach compared to Arquillian's more generic container management.
org.jboss.arquillian.testng:arquillian-testng-container,org.jboss.arquillian:arquillian-bom,3,BOM,High,"The library 'org.jboss.arquillian:arquillian-bom' is identified as a 'Bill of Materials' (BOM) for the Arquillian ecosystem. It serves as a central dependency management artifact, ensuring version compatibility across the Arquillian testing framework and its extensions. This BOM is crucial for projects using Arquillian, as it simplifies dependency management by providing a curated set of versions for all related libraries. Migration to this BOM involves replacing individual Arquillian dependencies with the BOM in the project's dependency management section, ensuring consistency and reducing version conflicts."
org.jboss.arquillian.testng:arquillian-testng-container,org.jboss.arquillian.junit:arquillian-junit-container,3,COMPETITOR,High,"This library is a 'Cross-Technology Competitor' that provides equivalent in-container testing capabilities for JUnit instead of TestNG. While the source library integrates Arquillian with TestNG, this alternative offers the same container lifecycle management and component injection features for JUnit-based projects. A developer would choose this when standardizing on JUnit for enterprise testing while maintaining Arquillian's in-container testing approach."
org.jboss.arquillian.testng:arquillian-testng-container,org.springframework:spring-test,3,COMPETITOR,High,"This library is a 'Cross-Technology Competitor' that provides comprehensive testing support for Spring applications. While it doesn't replicate Arquillian's container-based approach, it solves similar integration testing problems through its TestContext framework with dependency injection and transaction management. A developer in the Spring ecosystem would choose this for its deep framework integration and simplified testing of Spring components without full container deployment."
org.jboss.arquillian.testng:arquillian-testng-container,org.junit.jupiter:junit-jupiter-params,3,COMPETITOR,High,"This library is a 'Cross-Technology Competitor' that provides parameterized testing capabilities for JUnit Jupiter. While not a direct Arquillian alternative, it represents modern parameterized testing in the JUnit 5 ecosystem that competes with TestNG's data-driven features. A developer would choose this when adopting JUnit 5 and needing advanced parameterized testing capabilities."
org.jboss.shrinkwrap:shrinkwrap-api,org.jboss.arquillian:arquillian-bom,3,BOM,High,"This library represents a 'Bill of Materials (BOM)' for the Arquillian ecosystem. It manages the versions of all Arquillian-related dependencies, including ShrinkWrap, ensuring compatibility and simplifying dependency management. This means migration involves shifting dependency management to this BOM, which will automatically handle the correct versions of ShrinkWrap and other related libraries."
org.jboss.shrinkwrap:shrinkwrap-api,org.wildfly.swarm:jca-api,3,FRAMEWORK_INTEGRATION,High,This is not a functional alternative but rather a component that integrates WITH ShrinkWrap. WildFly Swarm uses ShrinkWrap internally to create micro-deployments for its testing framework. A developer would use both together rather than replace ShrinkWrap.
org.jboss.shrinkwrap:shrinkwrap-api,org.wildfly.swarm:undertow-api,3,FRAMEWORK_INTEGRATION,High,Not a functional alternative. Part of the WildFly Swarm framework that leverages ShrinkWrap for test deployments. Developers would use this WITH ShrinkWrap rather than as a replacement.
org.jdom:jdom,jaxen:jaxen,3,Specialized Functional Replacement,High,"Jaxen is a specialized functional replacement for XPath processing within XML documents. While JDOM provides core XML building/manipulation capabilities, Jaxen solves the specific problem of executing XPath queries across multiple XML models (including JDOM). Modern developers would use Jaxen to complement JDOM for advanced XML querying needs rather than implementing custom traversal logic."
org.jdom:jdom,xmlunit:xmlunit,3,Specialized Functional Replacement,High,"Specialized functional replacement for XML validation and testing. While JDOM focuses on document construction/manipulation, XMLUnit solves the specific problem of XML comparison and assertion in testing scenarios. Modern developers would use it alongside JDOM for testing XML outputs rather than building custom comparison logic."
org.jdom:jdom,org.wildfly:wildfly-parent,3,BOM,High,"The 'wildfly-parent' artifact serves as a foundational parent POM for WildFly projects, providing standardized configuration and dependency management across the ecosystem. This aligns with Rule 4 (Ecosystem & Bill of Materials), as it defines consistent versions and plugins for modules within the WildFly framework. Migrating to this library would primarily involve adopting its role in build configuration rather than replacing core XML processing functionality."
org.jdom:jdom2,org.apache.servicemix.bundles:org.apache.servicemix.bundles.jdom,3,SHADED_LIBRARY,High,"This is a direct OSGi bundle of JDOM (v1.x), the predecessor to JDOM2. While it shares the same core XML manipulation purpose, it lacks JDOM2's modern features like Java generics support and improved namespace handling. A developer would only choose this in OSGi environments requiring legacy JDOM compatibility, not as a modern replacement."
org.jdom:jdom2,org.onosproject:onos-netconf-ctl,3,Specialized Functional Replacement,Medium,"This library provides specialized XML processing for NETCONF network configuration, implementing Rule 11. While it solves XML manipulation for a specific domain (network device configuration), it doesn't offer JDOM2's general-purpose document building capabilities. A developer would choose this only when working with NETCONF-enabled network devices."
org.jdom:jdom2,org.onosproject:onos-netconf-api,3,Specialized Functional Replacement,Medium,"As the API counterpart to onos-netconf-ctl, this library defines XML schemas and interfaces for NETCONF operations. It provides specialized XML namespace handling but lacks JDOM2's full document manipulation capabilities. A developer would use this only in conjunction with NETCONF device management."
org.jdom:jdom2,org.commonjava.maven.ext:pom-manipulation-io,3,Specialized Functional Replacement,High,"Specializes in Maven POM.xml manipulation (Rule 11), offering targeted XML processing for build automation. While it solves XML manipulation for a specific use case, it lacks JDOM2's generic document building capabilities. A developer would choose this only for Maven build customization."
org.jdom:jdom2,org.commonjava.maven.ext:pom-manipulation-common,3,Specialized Functional Replacement,High,"Provides shared utilities for POM.xml manipulation, implementing specialized XPath operations for Maven metadata. It solves XML processing for a narrow build-automation context rather than offering general document manipulation. A developer would use this only as part of Maven extension development."
org.jgrapht:jgrapht-core,com.thinkaurelius.titan:titan-all,3,Cross-Technology Competitor,High,"Titan is a distributed graph database that competes in the graph processing space but at a different architectural level. While JGraphT is an in-memory graph library, Titan provides persistent storage and distributed processing for massive-scale graphs. A developer would choose Titan when graph data exceeds single-machine memory capacity and requires distributed processing capabilities."
org.jgrapht:jgrapht-core,org.javabits.jgrapht:jgrapht-ext,3,Specialized Functional Replacement,High,This library is a specialized functional replacement that extends JGraphT's capabilities. It represents the natural evolution of JGraphT's ecosystem by providing additional graph types and algorithms. A developer would choose this to solve specific graph problems that require extended functionality beyond the core JGraphT library.
org.jgrapht:jgrapht-core,org.aksw.jena-sparql-api:jena-sparql-api-jgrapht,3,Specialized Functional Replacement,Medium,"This library is a specialized functional replacement that integrates JGraphT with Jena's SPARQL API. While not a direct competitor, it represents an evolution where developers use JGraphT to enhance SPARQL processing capabilities. A developer would choose this when needing to combine semantic web querying with advanced graph algorithms."
org.jmockit:jmockit,org.mockito:mockito-core,3,MODERN_REPLACEMENT,High,"Mockito is the modern de facto standard for Java mocking that solves the core problem of isolating dependencies in unit tests. While JMockit provided comprehensive bytecode instrumentation for complex cases, Mockito offers a simpler, more maintainable API that aligns with current testing best practices. Developers would choose Mockito today for its cleaner syntax, better ecosystem support, and avoidance of 'magic' bytecode manipulation, though migration may require refactoring expectations-based tests to Mockito's verification model."
org.jmockit:jmockit,org.powermock:powermock-api-mockito2,3,Specialized Functional Replacement,Medium,"PowerMock is a specialized functional replacement that addresses JMockit's core capability of mocking static methods, final classes, and constructors. It extends Mockito to provide these advanced features through bytecode manipulation, solving the same fundamental problem of testing difficult Java constructs. Developers would choose this combination today when dealing with legacy code that requires deep mocking capabilities, though modern best practices favor refactoring over such techniques."
org.jmockit:jmockit,com.github.tomakehurst:wiremock-standalone,3,Specialized Functional Replacement,High,"WireMock is a specialized functional replacement for HTTP API mocking scenarios that JMockit could handle through its comprehensive instrumentation. It solves the distinct problem of testing HTTP integrations with a focused, standalone approach. Developers would choose WireMock today for testing RESTful services and microservices, representing the modern evolution toward specialized tools for specific integration testing needs."
org.jmockit:jmockit,org.jetbrains.kotlin:kotlin-test-junit5,3,MODERN_REPLACEMENT,Medium,"Kotlin Test with JUnit5 integration represents a modern evolution in testing for Kotlin-based projects, solving the same core problem of test execution that JMockit participated in for Java. Developers working in Kotlin would choose this combination today for its native language support and modern testing features, reflecting the industry shift toward Kotlin for new JVM development."
org.jmockit:jmockit,org.springframework.boot:spring-boot-starter-data-jpa,3,FRAMEWORK_INTEGRATION,High,"This library represents a 'Framework Integration via Starter Package'. For projects using Spring Boot, 'spring-boot-starter-data-jpa' is the canonical way to incorporate JPA-based data access functionality. It replaces the need to manually manage individual JPA dependencies by providing a curated set of libraries that work well together, ensuring compatibility and reducing configuration overhead. This means migration involves shifting the dependency from a collection of manual JPA-related dependencies to this starter package in the build file."
org.jmockit:jmockit,org.powermock:powermock-module-junit4,3,MODERN_REPLACEMENT,Medium,"This library represents a 'Modern Replacement' for legacy testing frameworks. 'powermock-module-junit4' extends the capabilities of JUnit 4 by enabling mocking of static methods, constructors, and other hard-to-test constructs. While not a direct structural successor to JMockit, it provides similar functionality with better integration into the JUnit ecosystem, making it a viable alternative for projects seeking to modernize their testing stack."
org.jmockit:jmockit,org.springframework.boot:spring-boot-dependencies,3,BOM,High,"This library represents a 'Bill of Materials (BOM)'. 'spring-boot-dependencies' manages the version set for the entire Spring Boot ecosystem, ensuring compatibility across all components. It is not a direct replacement for individual libraries but rather a centralized mechanism for managing versions of multiple related dependencies. This makes it a structural successor in terms of dependency management rather than functional replacement."
org.jmockit:jmockit,org.ldp4j.framework:ldp4j-application-bom,3,BOM,Low,"This library represents a 'Bill of Materials (BOM)'. It serves as a centralized version management mechanism for a set of related libraries within the LDP4j framework, ensuring compatibility and simplifying dependency management for projects that utilize multiple components from the same ecosystem. This type of library is typically not used directly but is instead imported to manage versions of other dependencies."
org.jmockit:jmockit,junit:junit,3,COMPETITOR,High,"JUnit is a cross-technology competitor in the testing space but solves a complementary problem to JMockit. While JMockit focuses on mocking difficult dependencies, JUnit provides the core test running framework. Developers would use JUnit alongside mocking libraries like Mockito to create comprehensive test suites, representing a modern testing architecture where responsibilities are separated between test execution and dependency isolation."
org.jmock:jmock,org.mockito:mockito-core,3,MODERN_REPLACEMENT,High,"This library is a 'Modern Functional Replacement' that addresses the core problem of Java unit test isolation through mocking. While JMock pioneered expectation-based mocking, Mockito provides a more intuitive stubbing API with better readability and flexibility. Modern developers choose Mockito for its cleaner syntax, active maintenance, and seamless JUnit integration. Migration involves transitioning from JMock's expectation DSL to Mockito's given-when-then pattern."
org.jmock:jmock,org.hamcrest:hamcrest-all,3,BOM,High,"This library represents a 'BOM' (Bill of Materials). The Hamcrest 'hamcrest-all' artifact provides a comprehensive set of matcher objects that can be used for various testing scenarios, including those that were previously addressed by JMock. The Hamcrest tutorial highlights that it was designed to allow flexible expressions of intent in tests and can be integrated with multiple testing frameworks. As a BOM, it manages a curated set of libraries, making it easier to manage dependencies and ensuring compatibility across different testing tools. This implies that migration would involve incorporating Hamcrest matchers to enhance test readability and maintainability."
org.jmock:jmock,org.easymock:easymock,3,COMPETITOR,High,This library is a 'Cross-Technology Competitor' that solves the same core problem of Java test isolation through mocking. Easymock offers a similar expectation-based approach to JMock with comparable capabilities. Developers might choose Easymock for its record-replay model or when working in environments where it's already established. Migration would require adapting to its specific expectation syntax.
org.jmock:jmock,org.hamcrest:java-hamcrest,3,SPECIALIZED FUNCTIONAL REPLACEMENT,Medium,"This library is a 'Specialized Functional Replacement' for JMock's matcher component. While not a full mocking framework, Hamcrest provides the matcher functionality used by JMock and other testing libraries. Modern developers would use Hamcrest matchers with other testing frameworks rather than as a standalone JMock replacement."
org.jmock:jmock,org.junit.jupiter:junit-jupiter-engine,3,FRAMEWORK_INTEGRATION,High,"This library is a 'Framework Integration' that provides the foundation for modern Java testing but is not a mocking solution itself. While it integrates with mocking libraries like Mockito, it doesn't directly replace JMock's core functionality. Developers would use JUnit Jupiter as a test runner while pairing it with a dedicated mocking library."
org.jmock:jmock-junit4,org.mockito:mockito-all,3,MODERN_REPLACEMENT,High,"Mockito is a Modern Functional Replacement that solves the core problem of mocking in JUnit tests with superior developer experience. While JMock required explicit expectation declarations, Mockito offers intuitive 'given-when-then' syntax and automatic verification. Modern developers choose Mockito for its active maintenance, JUnit 5 compatibility, and 4x faster test execution. Migration involves adopting Mockito's annotations instead of JMock's custom runner."
org.jmock:jmock-junit4,org.mockito:mockito-core,3,MODERN_REPLACEMENT,High,"As the standard packaging of Mockito, this is the Modern Functional Replacement for JMock. It solves the same core problem of test mocking with a cleaner API, better error reporting, and active community support. Modern developers prefer it for its zero-expectation-wiring approach and seamless integration with contemporary testing stacks. Migration would involve replacing JMock's expectations with Mockito's stubbing and verification model."
org.jmock:jmock-junit4,org.hamcrest:hamcrest-all,3,BOM,High,"The library 'org.hamcrest:hamcrest-all' serves as a BOM (Bill of Materials) that aggregates multiple Hamcrest modules into a single dependency. This allows consumers to include all Hamcrest features without managing individual module dependencies. While not directly related to the JMock integration role, it simplifies dependency management for projects requiring comprehensive Hamcrest functionality. Migration would involve replacing individual Hamcrest dependencies with this single BOM."
org.jsoup:jsoup,io.knotx:knotx-junit,3,FRAMEWORK_INTEGRATION,High,"This library represents a 'Framework Integration via Starter Package'. It provides JUnit 5 support and extensions for Vert.x projects, which is essential for testing within the Knot.x framework. This means migration involves shifting the dependency from the original library to this starter package in the build file."
org.junit.jupiter:junit-jupiter-api,junit:junit,3,COMPETITOR,High,"This library is a 'Cross-Technology Competitor' that addresses the core problem of Java unit testing. While JUnit 4 pioneered annotation-based testing, JUnit Jupiter represents its modern evolution with enhanced features. Developers would choose JUnit Jupiter today for its superior parameterized testing, extension model, and Java 8+ compatibility, despite both solving similar fundamental testing needs."
org.junit.jupiter:junit-jupiter-api,org.scalatest:scalatest_2.12,3,COMPETITOR,High,"This library is a 'Cross-Technology Competitor' providing testing capabilities for Scala developers. While not a Java testing solution, it solves similar verification problems in Scala ecosystems with rich matcher syntax and BDD-style tests. Developers would choose ScalaTest when working in Scala codebases, leveraging its domain-specific testing approach that differs from JUnit's annotation-driven model."
org.junit.jupiter:junit-jupiter-api,org.jetbrains.kotlin:kotlin-test-junit5,3,FRAMEWORK_INTEGRATION,High,"This library is a 'Framework Integration' that extends JUnit Jupiter's capabilities to Kotlin projects. It provides Kotlin-specific test utilities while leveraging Jupiter's core engine, solving the problem of testing Kotlin code with Java-friendly frameworks. Developers would use this integration to write idiomatic Kotlin tests while maintaining compatibility with JUnit 5 tooling."
org.junit.jupiter:junit-jupiter-api,org.mockito:mockito-core,3,FRAMEWORK_INTEGRATION,High,This library is a 'Framework Integration' that enhances JUnit Jupiter with advanced mocking capabilities. It solves the problem of dependency isolation in unit tests through its intuitive mocking API. Developers would choose Mockito to complement Jupiter's testing foundation with specialized verification tools rather than replace it.
org.junit.jupiter:junit-jupiter-api,org.springframework.boot:spring-boot-starter-data-mongodb-reactive,3,MODERN_REPLACEMENT,High,"While not a direct successor to 'junit-jupiter-api', this library exemplifies a modern replacement within the Spring Boot ecosystem. It integrates reactive programming support for MongoDB, aligning with current trends in application development. Its inclusion in projects utilizing JUnit 5 can enhance testing capabilities, particularly in reactive scenarios, by providing a comprehensive set of tools that ensure compatibility and streamline the testing process."
org.junit.jupiter:junit-jupiter-api,org.junit.vintage:junit-vintage-engine,3,MODERN_REPLACEMENT,High,"The org.junit.vintage:junit-vintage-engine is not a successor to org.junit.jupiter:junit-jupiter-api. Instead, it's a component of the JUnit 5 platform that allows running tests written for older versions of JUnit (JUnit 3 and 4) on the JUnit 5 platform. The JUnit Jupiter API is the modern replacement for the older JUnit 4 API (junit:junit)."
org.junit.jupiter:junit-jupiter-api,org.junit.platform:junit-platform-runner,3,FRAMEWORK_INTEGRATION,High,"The org.junit.platform:junit-platform-runner is not a direct successor to org.junit.jupiter:junit-jupiter-api. It's a component of the JUnit 5 platform that provides a JUnit 4 compatible runner for executing tests on the JUnit 5 platform. The JUnit Jupiter API is the modern API for writing tests in JUnit 5, replacing the JUnit 4 API."
org.junit.jupiter:junit-jupiter-api,io.ap4k:openshift-junit-starter,3,FRAMEWORK_INTEGRATION,Medium,"This library represents a 'Framework Integration via Starter Package'. The 'openshift-junit-starter' is specifically designed to facilitate JUnit testing within OpenShift environments. It provides pre-configured setups that simplify the integration of JUnit tests with OpenShift, ensuring compatibility and reducing configuration overhead. Migration involves incorporating this starter to streamline testing processes within the OpenShift ecosystem."
org.junit.jupiter:junit-jupiter-api,io.ap4k:kubernetes-junit-starter,3,FRAMEWORK_INTEGRATION,Medium,"This library represents a 'Framework Integration via Starter Package'. The 'kubernetes-junit-starter' is tailored for integrating JUnit tests within Kubernetes environments. It encapsulates best practices and configurations needed for running tests in Kubernetes, thereby enhancing compatibility and reducing the need for manual setup. Adopting this starter can facilitate smoother testing workflows within Kubernetes clusters."
org.junit.jupiter:junit-jupiter-api,com.nhaarman.mockitokotlin2:mockito-kotlin,3,Specialized Functional Replacement,Medium,"This library is a 'Specialized Functional Replacement' for mocking capabilities within Kotlin test suites. While it doesn't replace Jupiter's core testing model, it provides modern Kotlin DSL enhancements to Mockito's verification features. Developers would choose this for more expressive mocking syntax in Kotlin tests, complementing rather than replacing Jupiter's foundation."
org.junit.jupiter:junit-jupiter-engine,org.junit.platform:junit-platform-console,3,FRAMEWORK_INTEGRATION,High,This library is a complementary component within the JUnit 5 ecosystem. It provides console launcher functionality that works with JUnit Jupiter but doesn't replace its test execution capabilities. A developer would use both together for command-line test execution in build pipelines.
org.junit.jupiter:junit-jupiter-engine,org.junit.vintage:junit-vintage-engine,3,FRAMEWORK_INTEGRATION,High,"This library extends the JUnit Platform to support JUnit 4 tests, working alongside the Jupiter engine. It solves the compatibility problem during migration rather than replacing Jupiter's core functionality. A developer would use it to run legacy tests while gradually adopting Jupiter's new features."
org.junit.jupiter:junit-jupiter-engine,org.testcontainers:mssqlserver,3,FRAMEWORK_INTEGRATION,High,This library provides specialized integration for SQL Server testing that complements JUnit Jupiter. It solves the problem of database testing by providing container management that integrates with Jupiter's extension model. A developer would use both together for integration testing without replacing Jupiter's core test execution.
org.junit.jupiter:junit-jupiter-engine,info.cukes:cucumber-core,3,FRAMEWORK_INTEGRATION,High,Cucumber provides BDD testing capabilities that integrate with JUnit Jupiter through custom runners. It solves behavior specification problems while leveraging Jupiter for test execution. A developer would choose it to add BDD features while continuing to use Jupiter as the underlying test engine.
org.junit.jupiter:junit-jupiter-engine,org.testcontainers:postgresql,3,FRAMEWORK_INTEGRATION,High,"Similar to the SQL Server variant, this provides PostgreSQL integration that complements JUnit Jupiter for database testing. It solves container management problems while integrating with Jupiter's lifecycle. A developer would use both together for PostgreSQL integration tests without replacing Jupiter's core functionality."
org.junit.jupiter:junit-jupiter-engine,cglib:cglib-nodep,3,FRAMEWORK_INTEGRATION,Medium,This code generation library provides foundational capabilities used by testing frameworks like Mockito that integrate with JUnit Jupiter. It solves low-level proxying problems that enable advanced mocking features within Jupiter-based tests. A developer would use it indirectly through testing tools rather than as a direct Jupiter replacement.
org.junit.jupiter:junit-jupiter-engine,info.cukes:cucumber-java,3,FRAMEWORK_INTEGRATION,High,"As part of the Cucumber ecosystem, this provides step definition support that integrates with JUnit Jupiter. It solves behavior implementation problems while leveraging Jupiter for test execution. A developer would use it alongside Jupiter to implement BDD scenarios."
org.junit.jupiter:junit-jupiter-engine,io.ap4k:kubernetes-junit-starter,3,FRAMEWORK_INTEGRATION,Medium,"This library represents a 'Framework Integration via Starter Package'. Similar to the OpenShift variant, it provides annotations and processors for Kubernetes, integrating with JUnit for testing. It is designed to simplify testing Kubernetes applications. Migration would involve adopting this starter package for Kubernetes-specific testing needs."
org.junit.jupiter:junit-jupiter-engine,org.springframework.boot:spring-boot-starter-tomcat,3,FRAMEWORK_INTEGRATION,High,"This library represents a 'Framework Integration via Starter Package'. It is the default embedded Tomcat server for Spring Boot applications, providing a pre-configured and optimized setup. Migration would involve replacing manual Tomcat configurations with this starter package for Spring Boot applications."
org.junit.jupiter:junit-jupiter-engine,io.ap4k:openshift-junit-starter,3,FRAMEWORK_INTEGRATION,Medium,"This library represents a 'Framework Integration via Starter Package'. It provides annotations and processors for Kubernetes, specifically tailored for OpenShift, and integrates with JUnit for testing. This suggests it is a specialized tool for testing Kubernetes applications, leveraging JUnit's capabilities. Migration would involve replacing manual Kubernetes test setups with this starter package."
org.junit.jupiter:junit-jupiter-engine,org.junit:junit-bom,3,BOM,High,"This library represents a 'Bill of Materials (BOM)'. It is used to manage dependencies for JUnit 5, ensuring consistent versions across all JUnit artifacts. This is particularly useful for projects using multiple JUnit components. Migration would involve adopting the BOM to simplify dependency management."
org.lwjgl.lwjgl:lwjgl,org.lwjgl:lwjgl,3,MODERN_REPLACEMENT,High,"The org.lwjgl:lwjgl artifact is the modern core module of LWJGL 3, which is the official successor to the legacy org.lwjgl.lwjgl:lwjgl (LWJGL 2). The official documentation states that LWJGL 3 is a complete rewrite with a modular architecture, requiring Java 8+. The legacy groupId org.lwjgl.lwjgl was used for LWJGL 2, while the simplified org.lwjgl groupId represents the modern, modular LWJGL 3 project."
org.lwjgl.lwjgl:lwjgl,org.lwjgl:lwjgl-opengl,3,MODERN_REPLACEMENT,High,"The org.lwjgl:lwjgl-opengl module is part of the LWJGL 3 modular architecture and provides OpenGL bindings, which is a direct evolution from the OpenGL functionality in the legacy org.lwjgl.lwjgl:lwjgl. The official LWJGL website lists lwjgl-opengl as one of the core modules in the modern LWJGL 3 distribution, replacing the monolithic LWJGL 2 approach."
org.lwjgl.lwjgl:lwjgl,org.lwjgl:lwjgl-platform,3,MODERN_REPLACEMENT,High,The org.lwjgl:lwjgl-platform artifact is part of the LWJGL 3 modularization and provides platform-specific implementations for the core LWJGL 3 libraries. It replaces the platform-specific functionality that was previously included in the monolithic org.lwjgl.lwjgl:lwjgl package in LWJGL 2. The Maven repository indicates this artifact was moved from the legacy groupId to the modern org.lwjgl groupId.
org.lwjgl.lwjgl:lwjgl,org.lwjgl:lwjgl-glfw,3,MODERN_REPLACEMENT,High,The org.lwjgl:lwjgl-glfw module is part of the LWJGL 3 modular architecture and provides GLFW bindings for window creation and input handling. This replaces the windowing functionality that was previously part of the monolithic org.lwjgl.lwjgl:lwjgl package in LWJGL 2. The official LWJGL website lists lwjgl-glfw as one of the core modules in the modern LWJGL 3 distribution.
org.lwjgl.lwjgl:lwjgl,org.lwjgl:lwjgl-openal,3,MODERN_REPLACEMENT,High,"The org.lwjgl:lwjgl-openal module is part of the LWJGL 3 modular architecture and provides OpenAL bindings for 3D audio, which directly replaces the audio functionality that was previously part of the monolithic org.lwjgl.lwjgl:lwjgl package in LWJGL 2. The Maven repository and official documentation confirm this module as part of the modern LWJGL 3 distribution."
org.lwjgl.lwjgl:lwjgl,org.mini2Dx:mini2Dx-tiled,3,MODERN_REPLACEMENT,High,"Mini2Dx is a Modern Functional Replacement that solves the core problem of Java game development with a higher-level abstraction. While LWJGL provided low-level bindings, Mini2Dx offers a complete 2D game framework with built-in Tiled map support, reducing the need for developers to directly manage graphics APIs. A developer would choose this today to build 2D games more efficiently with modern tooling."
org.lwjgl.lwjgl:lwjgl,com.googlecode.soundlibs:jorbis,3,Specialized Functional Replacement,High,JOrbis is a Specialized Functional Replacement for LWJGL's audio component. It specifically solves the problem of OGG Vorbis audio decoding that developers previously handled through LWJGL's OpenAL bindings. A modern developer would use this alongside a modern graphics library for efficient audio processing in media applications.
org.lwjgl.lwjgl:lwjgl,org.apache.pivot:pivot-wtk,3,COMPETITOR,Medium,"Apache Pivot is a Cross-Technology Competitor that addresses UI development but focuses on desktop applications rather than low-level graphics. While it overlaps with LWJGL's windowing capabilities, it doesn't provide equivalent OpenGL/OpenAL bindings. A developer would choose this for business applications, not performance-critical game development."
org.lwjgl.lwjgl:lwjgl,org.apache.pivot:pivot-wtk-terra,3,COMPETITOR,Medium,"Apache Pivot is a Cross-Technology Competitor that addresses UI development but focuses on desktop applications rather than low-level graphics. While it overlaps with LWJGL's windowing capabilities, it doesn't provide equivalent OpenGL/OpenAL bindings. A developer would choose this for business applications, not performance-critical game development."
org.lwjgl.lwjgl:lwjgl,org.apache.pivot:pivot-core,3,COMPETITOR,Medium,"Apache Pivot is a Cross-Technology Competitor that addresses UI development but focuses on desktop applications rather than low-level graphics. While it overlaps with LWJGL's windowing capabilities, it doesn't provide equivalent OpenGL/OpenAL bindings. A developer would choose this for business applications, not performance-critical game development."
org.mockito:mockito-all,org.springframework.boot:spring-boot-starter-test,3,FRAMEWORK_INTEGRATION,High,"This library represents a 'Framework Integration via Starter Package'. It is the canonical way to include testing utilities in Spring Boot applications, bundling JUnit Jupiter, Hamcrest, Mockito, and other testing libraries. It ensures compatibility and simplifies dependency management. Migration involves replacing manual test library dependencies with this starter package."
org.mockito:mockito-all,org.robolectric:android-all,3,MODERN_REPLACEMENT,Medium,"This library represents a 'Modern Replacement' for testing Android applications. It provides APIs for Android unit tests within the JVM, eliminating the need for emulators or physical devices. While not a direct successor to the source library, it offers a modern approach to testing. Migration involves adopting Robolectric for faster and more reliable unit tests."
org.mockito:mockito-all,org.powermock:powermock-api-mockito2,3,FRAMEWORK_INTEGRATION,High,"PowerMock extends Mockito rather than replacing it, enabling mocking of static methods/final classes. It's a complementary tool that requires Mockito-core. Modern developers would use it alongside mockito-core for advanced scenarios, not as a replacement for core mocking functionality."
org.mockito:mockito-all,org.powermock:powermock-api-mockito,3,FRAMEWORK_INTEGRATION,High,"Similar to powerock-api-mockito2 but for older Mockito versions. Extends Mockito rather than replacing it, enabling advanced mocking scenarios. Requires Mockito as a base dependency."
org.mockito:mockito-core,org.springframework.boot:spring-boot-starter-test,3,FRAMEWORK_INTEGRATION,High,"This library represents a 'Framework Integration via Starter Package'. It is the canonical way to incorporate testing in Spring Boot applications, bundling essential testing libraries like JUnit Jupiter, Hamcrest, and Mockito. It replaces the need to manually manage these dependencies, ensuring compatibility and simplifying the build configuration. Migration involves replacing individual testing dependencies with this starter package in the build file."
org.mockito:mockito-core,org.springframework.boot:spring-boot-starter-web,3,FRAMEWORK_INTEGRATION,High,"This library represents a 'Framework Integration via Starter Package'. It is the standard way to build web applications with Spring Boot, including RESTful services using Spring MVC. It simplifies dependency management by bundling essential web-related libraries, ensuring compatibility and reducing configuration overhead. Migration involves replacing individual web dependencies with this starter package in the build file."
org.mockito:mockito-core,org.springframework.boot:spring-boot-starter-logging,3,FRAMEWORK_INTEGRATION,High,"This library represents a 'Framework Integration via Starter Package'. It provides default logging support for Spring Boot applications, primarily using Logback. It simplifies logging configuration and ensures consistency across the application. Migration involves replacing manual logging dependencies with this starter package in the build file."
org.mockito:mockito-core,org.powermock:powermock-reflect,3,FRAMEWORK_INTEGRATION,High,"This is a 'Framework Integration' that extends Mockito's capabilities rather than replacing it. PowerMock uses bytecode manipulation to enable mocking of static methods, constructors and final classes - features not natively supported by Mockito. A developer would use it alongside Mockito to handle special cases, not as a replacement."
org.mockito:mockito-core,org.powermock:powermock-core,3,FRAMEWORK_INTEGRATION,High,"This is a 'Framework Integration' that works with Mockito rather than replacing it. PowerMock Core provides the foundation for extending Mockito's capabilities to handle challenging scenarios like static method mocking. It addresses limitations in Mockito through bytecode manipulation, but requires Mockito for core mocking functionality."
org.mockito:mockito-core,org.powermock:powermock-api-support,3,FRAMEWORK_INTEGRATION,High,"This is a 'Framework Integration' that enhances Mockito rather than replacing it. PowerMock API Support provides utilities that extend Mockito's capabilities for advanced use cases, particularly working with legacy code. A developer would choose it to solve specific limitations in Mockito while still relying on Mockito for core mocking functionality."
org.mongodb:mongo-java-driver,org.springframework.boot:spring-boot-starter-data-mongodb,3,FRAMEWORK_INTEGRATION,High,"This library is a 'Framework Integration' that provides Spring Boot abstractions over the MongoDB Java driver. While it doesn't replace the driver itself, it solves the core problem of MongoDB integration in modern Spring applications by offering higher-level abstractions like MongoTemplate and repository patterns. A developer would choose this to leverage Spring's consistent data access patterns while still relying on the official MongoDB driver under the hood. Migration would involve adopting Spring Data paradigms but maintains the same underlying MongoDB connectivity."
org.mongodb:mongo-java-driver,org.modeshape:modeshape-client,3,SPECIALIZED FUNCTIONAL REPLACEMENT,Medium,"This library is a 'Specialized Functional Replacement' that addresses content repository needs rather than direct database connectivity. While it can use MongoDB as a storage backend, it solves a different core problem - providing JCR (Java Content Repository) capabilities rather than low-level database access. A developer might use this when needing content management features on top of MongoDB, but it doesn't replace direct driver functionality."
org.mongodb:mongo-java-driver,com.zaxxer:HikariCP,3,SPECIALIZED FUNCTIONAL REPLACEMENT,Medium,"This library is a 'Specialized Functional Replacement' for connection pooling aspects of database connectivity. While MongoDB has its own connection pooling, HikariCP represents the modern standard for connection pooling in Java applications. A developer might use it in conjunction with the MongoDB driver for superior connection management, particularly in applications using multiple database systems. It solves the core connection management problem more efficiently than the driver's native implementation."
org.neo4j:neo4j,com.buschmais.xo:xo.neo4j.api,3,Specialized Functional Replacement,High,This library provides a specialized object-graph mapping interface for Neo4j rather than being a functional replacement for the embedded database itself. It solves the problem of object persistence in graph databases but doesn't replace the core embedded database functionality. A developer would use this alongside Neo4j for more convenient data access rather than as an alternative database solution.
org.neo4j:neo4j,com.buschmais.jqassistant.plugin:graphml,3,Specialized Functional Replacement,Medium,"This specialized plugin provides GraphML format support for analysis tools rather than being a functional replacement for an embedded graph database. It solves the problem of graph data interchange but doesn't replace database functionality. A developer would use this for importing/exporting graph structures, not as a database solution."
org.neo4j:neo4j,com.tinkerpop.blueprints:blueprints-test,3,COMPETITOR,High,"As part of the TinkerPop graph computing framework, this provides testing utilities for graph database implementations that could compete with Neo4j's embedded capabilities. While not a direct replacement, it represents an alternative approach to graph processing. A developer might choose TinkerPop for its vendor-agnostic API and Gremlin query language when working with multiple graph backends."
org.ow2.asm:asm,asm:asm-commons,3,MODERN_REPLACEMENT,High,"This is a direct modern module of the ASM project, providing advanced utilities built on the core bytecode manipulation framework. It represents an evolutionary enhancement rather than a replacement, offering additional analysis and transformation capabilities. Developers would use this alongside the core ASM library for more complex bytecode manipulation tasks."
org.ow2.asm:asm,org.springframework:spring-core,3,Specialized Functional Replacement,Medium,"Spring Core is a 'Specialized Functional Replacement' that leverages bytecode manipulation internally for dependency injection and AOP features. While not a direct replacement for ASM's low-level API, it solves the core problem of runtime class manipulation in application frameworks. Modern developers would choose Spring Core when building enterprise applications that require dependency injection and aspect-oriented programming, abstracting away low-level bytecode manipulation."
org.ow2.asm:asm,io.airlift:bytecode,3,COMPETITOR,Medium,"Airlift Bytecode is a 'Cross-Technology Competitor' that provides a higher-level abstraction for JVM bytecode generation. While it solves similar problems of runtime code generation, it offers a different API design philosophy focused on simplicity. Developers might choose this for more straightforward bytecode generation tasks where ASM's granular control is unnecessary."
org.ow2.asm:asm,org.apache.flink:flink-shaded-asm,3,SHADED_LIBRARY,High,"This library represents a 'Shaded / Repackaged / Bundled Library' relationship. The 'flink-shaded-asm' artifact is a shaded version of the original ASM library, repackaged to avoid version conflicts in the Apache Flink ecosystem. This is a common practice in large-scale projects to ensure compatibility and isolation of dependencies. Migration to this library would involve replacing the original ASM dependency with this shaded version in the build file."
org.ow2.asm:asm,org.jboss.errai.bom:errai-bom,3,BOM,Medium,"This library represents a 'Bill of Materials (BOM)' relationship. The 'errai-bom' artifact is a BOM that manages the versions of dependencies, including ASM, within the Errai framework. BOMs are used to ensure consistent dependency versions across a project. Migration to this library would involve importing the BOM in the build file to manage ASM and other dependencies."
org.ow2.asm:asm-all,org.apache.flink:flink-shaded-asm,3,SHADED_LIBRARY,High,This library represents a 'Shaded / Repackaged / Bundled Library'. The POM file indicates that it repackages the ASM bytecode manipulation framework (specifically version 6) under a different namespace (`org.apache.flink.shaded.asm6.org.objectweb`) to avoid classpath conflicts. This is a common practice in large projects like Apache Flink to ensure compatibility and isolation of dependencies. Migration involves replacing the original ASM dependency with this shaded version to prevent version clashes.
org.ow2.asm:asm-all,org.apache.xbean:xbean-asm6-shaded,3,SHADED_LIBRARY,Medium,"This library represents a 'Shaded / Repackaged / Bundled Library'. The Maven Repository description confirms that it is a repackaged version of ASM 6, likely to avoid dependency conflicts in projects using Apache XBean. This is a structural adaptation to ensure compatibility with other libraries in the ecosystem. Migration involves replacing the original ASM dependency with this shaded version."
org.ow2.asm:asm-all,cglib:cglib,3,MODERN_REPLACEMENT,High,"CGLIB is a 'Modern Functional Replacement' that addresses the core problem of runtime bytecode generation. While ASM provides low-level bytecode manipulation, CGLIB offers higher-level abstractions for dynamic proxy generation. A developer would choose CGLIB today for AOP and proxy patterns, solving the same underlying problem with more developer-friendly APIs. Migration would involve adapting from direct bytecode manipulation to proxy-based patterns."
org.ow2.asm:asm-all,com.jtransc:jtransc-asm,3,Specialized Functional Replacement,Medium,"This library is a 'Specialized Functional Replacement' that repurposes ASM for transpilation needs. While the source library provided general bytecode manipulation, JTransc leverages ASM for cross-compiling JVM bytecode to other languages. A developer would choose this to solve the specific problem of cross-platform deployment."
org.ow2.asm:asm-all,org.apache.kafka:connect-runtime,3,Specialized Functional Replacement,Medium,"This library is a 'Specialized Functional Replacement' that uses bytecode instrumentation for monitoring Kafka Connect. While not a general-purpose bytecode library, it solves the specific problem of runtime instrumentation for distributed systems in a way that overlaps with ASM's capabilities."
org.ow2.asm:asm-all,org.reflections:reflections,3,Specialized Functional Replacement,High,"This library is a 'Specialized Functional Replacement' that uses ASM for metadata scanning. While not a direct replacement, it solves the specific problem of runtime classpath scanning that was previously implemented through direct bytecode inspection."
org.ow2.asm:asm-all,org.codehaus.plexus:plexus-java,3,Specialized Functional Replacement,Medium,This library is a 'Specialized Functional Replacement' providing Java tooling including bytecode analysis. It solves specific problems like class-level dependency analysis that would otherwise require raw ASM usage.
org.ow2.asm:asm-all,org.jinq:jinq-asm-rebased,3,SHADED_LIBRARY,High,"This is a shaded version of ASM rebased to avoid dependency conflicts in Jinq. It solves the same core problem of bytecode manipulation but is not a modern replacement, rather a dependency isolation technique."
org.ow2.asm:asm-all,asm:asm-all,2,NEGATIVE_SIGNAL_TRACEBACK,High,"The search results indicate that `org.ow2.asm:asm-all` is deprecated and has been replaced by modular artifacts like `org.ow2.asm:asm` and `org.ow2.asm:asm-commons`. The Maven Repository page explicitly states that this artifact was moved to `org.ow2.asm:asm`. This is a clear case of a reverse migration, where the modern approach is to use specific modules rather than the bundled 'uber-jar'."
org.parboiled:parboiled-java,org.antlr:antlr4-runtime,3,COMPETITOR,High,"ANTLR is a Cross-Technology Competitor that solves the same core problem as Parboiled - parsing formal languages - but uses a different approach. While Parboiled offers a fluent Java API for PEG-based parsing without external grammar files, ANTLR uses grammar files and generates parsers. A modern developer would choose ANTLR for its mature ecosystem, extensive language support, and powerful IDE tooling, despite requiring a separate grammar definition step."
org.parboiled:parboiled-java,com.vladsch.flexmark:flexmark-profile-pegdown,3,Specialized Functional Replacement,Medium,"This library is a Specialized Functional Replacement that addresses the Markdown parsing aspect of Parboiled's ecosystem. Flexmark originated as a modern replacement for Pegdown (which used Parboiled), providing better performance and extensibility. A developer would choose Flexmark today for Markdown processing while potentially using other solutions for general PEG parsing needs."
org.postgresql:postgresql,io.vertx:vertx-mysql-postgresql-client,3,MODERN_REPLACEMENT,High,"This library is a 'Modern Functional Replacement' that addresses the core problem of database connectivity using reactive/non-blocking paradigms. While the source library implements the traditional JDBC standard, this provides asynchronous PostgreSQL connectivity through Vert.x's reactive toolkit. A modern developer would choose this for building scalable, non-blocking applications that need PostgreSQL access, representing an evolution beyond synchronous JDBC."
org.postgresql:postgresql,org.avaje.ebeanorm:avaje-ebeanorm-spring,3,Specialized Functional Replacement,Medium,"This library is a 'Specialized Functional Replacement' that provides a higher-level ORM abstraction on top of JDBC. While it uses PostgreSQL JDBC driver underneath, it represents a technical evolution where developers would choose this to solve data access problems through ORM patterns rather than raw SQL. After migration, the source library would still be used indirectly, but the code pattern would shift to object-oriented persistence."
org.postgresql:postgresql,mysql:mysql-connector-java,3,COMPETITOR,High,"This library is a 'Cross-Technology Competitor' that addresses the core problem of database connectivity through JDBC, but specifically for MySQL rather than PostgreSQL. While the source library is the standard for PostgreSQL connectivity, this is the equivalent standard for MySQL. A developer would choose this when working with MySQL databases instead of PostgreSQL, maintaining the same JDBC programming paradigm but requiring database-specific SQL adjustments."
org.powermock:powermock-api-mockito,org.mockito:mockito-core,3,MODERN_REPLACEMENT,High,"This library is a 'Modern Functional Replacement' that solves PowerMock's core problem of mocking static methods. Since version 3.4.0, Mockito natively supports static method mocking without bytecode manipulation, aligning with modern Java testing practices. Developers would choose Mockito today as it provides a standard, actively maintained solution that integrates seamlessly with JUnit 5 and modern Java versions. Migration involves replacing PowerMock's mockStatic() with Mockito's equivalent API, eliminating the need for PowerMock's invasive instrumentation."
org.powermock:powermock-api-mockito,org.mockito:mockito-all,3,MODERN_REPLACEMENT,High,"This library represents a 'Modern Replacement' relationship. 'mockito-all' was historically used to provide a comprehensive Mockito distribution including support for mocking features that have since been incorporated into standard Mockito. As noted in PowerMock documentation, modern Mockito versions (2.1.0+) include capabilities for mocking final classes and methods that previously required PowerMock extensions. This aligns with the recommendation to refactor legacy code to use standard Mockito instead of relying on PowerMock for advanced mocking needs."
org.powermock:powermock-api-mockito,org.jboss.integration-platform:jboss-integration-platform-bom,3,BOM,Medium,"This library represents a 'Bill of Materials' (BOM) relationship. As a BOM (Bill of Materials) artifact, it manages version sets for multiple integration components including Drools, jBPM, and OptaPlanner. While not directly related to PowerMock's mocking capabilities, it follows the structural pattern of managing dependency versions across a technology ecosystem, similar to how testing frameworks might manage their dependencies."
org.powermock:powermock-module-junit4,org.mockito:mockito-core,3,MODERN_REPLACEMENT,High,"This library is a 'Modern Functional Replacement' that solves the core problem of mocking static methods and final classes without bytecode manipulation. While PowerMock required custom runners and classloaders, Mockito (since 3.4.0) provides inline mocking through MockMaker API, enabling static method mocking in a lightweight, maintainable way. Developers would choose this for simpler integration with modern JUnit 5 and to avoid PowerMock's complexity. Migration involves replacing @RunWith annotations with Mockito's utilities."
org.powermock:powermock-module-junit4,org.junit.jupiter:junit-jupiter-engine,3,MODERN_REPLACEMENT,Medium,"This library is a 'Modern Functional Replacement' for the testing framework aspect. JUnit 5's extension model provides a cleaner alternative to PowerMock's custom runners. While it doesn't directly mock static methods, it integrates with Mockito's inline mocking for a modern testing stack. Developers would choose this to replace the obsolete JUnit 4 runner that PowerMock depended on."
org.powermock:powermock-module-junit4,org.springframework.boot:spring-boot-starter-test,3,FRAMEWORK_INTEGRATION,High,"This library represents a 'Framework Integration via Starter Package' for testing in Spring Boot applications. It includes curated testing dependencies like JUnit, Mockito, and AssertJ, aligning with modern best practices. Unlike the legacy `powermock-module-junit4`, it supports JUnit 5 and integrates seamlessly with Spring Boot's ecosystem. Migrating to this starter simplifies dependency management and ensures compatibility with modern Spring Boot versions."
org.powermock:powermock-module-junit4,org.jboss.integration-platform:jboss-integration-platform-bom,3,BOM,Medium,"This library serves as a Bill of Materials (BOM) for the JBoss Integration Platform, managing version compatibility across multiple projects such as SwitchYard, Drools, and jBPM. While not directly related to `powermock-module-junit4`, it plays a structural role in dependency management for enterprise integration use cases. It does not replace or modernize the legacy PowerMock testing stack but instead supports a broader ecosystem of tools."
org.scannotation:scannotation,org.jboss.weld.se:weld-se,3,MODERN_REPLACEMENT,High,"Weld is a 'Modern Functional Replacement' that addresses the core problem of annotation-based class discovery through its CDI implementation. While scannotation was a standalone scanner, Weld provides integrated classpath scanning as part of its dependency injection framework, which has become the standard approach in modern Java EE/Jakarta EE applications. Developers would choose Weld today to solve annotation discovery within a comprehensive DI solution."
org.scannotation:scannotation,org.wildfly:wildfly-feature-pack,3,MODULARIZATION,Medium,"This library represents 'Library Split/Modularization'. WildFly's feature pack includes specialized scanning modules like 'unstable-api-annotation-classpath-indexer' that provide modern, framework-integrated alternatives to scannotation. For projects in the WildFly ecosystem, this replaces scannotation's standalone scanning functionality with integrated, server-aware scanning capabilities. Migration would involve adopting WildFly's built-in scanning mechanisms instead of external libraries."
org.scannotation:scannotation,org.activiti:activiti-webapp-rest2,3,Specialized Functional Replacement,Medium,"This library specializes in configuration file scanning rather than general annotation discovery. It solves a narrow aspect of scannotation's functionality by scanning for activiti.cfg.xml files during engine initialization. Developers might use this for workflow engine setup, but it doesn't replace scannotation's core annotation scanning capabilities."
org.seleniumhq.selenium:selenium-api,org.jboss.arquillian.selenium:selenium-bom,3,BOM,High,"This library is identified as a 'Bill of Materials (BOM)' for managing core Selenium dependency versions within the Arquillian ecosystem. It serves as a centralized artifact to ensure compatibility and version alignment for Selenium-related dependencies, including the `selenium-api`. This means migration involves including this BOM in the project's build file to manage Selenium dependencies consistently."
org.seleniumhq.selenium:selenium-api,org.jboss.arquillian.graphene:graphene-selenium,3,FRAMEWORK_INTEGRATION,High,"This library is a 'Framework Integration' that extends Selenium WebDriver within the Arquillian testing ecosystem. It builds directly on the source library's interfaces to provide enhanced features for Ajax testing and page object patterns, rather than replacing Selenium. A developer would choose this to integrate browser automation into Arquillian-based tests while leveraging Selenium's core standards."
org.seleniumhq.selenium:selenium-api,org.jboss.arquillian.graphene:arquillian-graphene,3,FRAMEWORK_INTEGRATION,High,"As part of the Arquillian Graphene project, this provides integration utilities that depend on Selenium's core interfaces. It solves additional testing concerns like dependency injection for page objects but requires Selenium as its foundation. Developers use this to enhance Selenium-based tests within Arquillian containers, not to replace Selenium's automation capabilities."
org.seleniumhq.selenium:selenium-api,org.testng:testng,3,COMPETITOR,High,"This is a 'Cross-Technology Competitor' in the testing framework space, but not a functional replacement for browser automation. While TestNG is often used alongside Selenium for test orchestration, it addresses test execution management rather than defining browser interaction standards. Developers would use both libraries together, with TestNG handling test lifecycle and Selenium providing automation capabilities."
org.seleniumhq.selenium:selenium-java,org.jboss.arquillian.extension:arquillian-drone-webdriver-depchain,3,Specialized Functional Replacement,High,"This library is a 'Specialized Functional Replacement' that extends Selenium WebDriver for integration testing in Java EE containers. While the source library provides generic browser automation, Arquillian Drone solves the specific problem of embedding browser tests within Arquillian's container-based testing framework. A developer would choose this when needing to test Java EE applications with in-container browser automation, leveraging Selenium's core capabilities while adding Arquillian-specific integrations."
org.seleniumhq.selenium:selenium-java,com.vaadin:vaadin-testbench-core,3,Specialized Functional Replacement,High,"This library is a 'Specialized Functional Replacement' that builds directly on Selenium WebDriver to provide Vaadin-specific testing utilities. While the source library offers generic browser automation, TestBench solves the specific problem of testing complex Vaadin components by adding component-aware selectors and helpers. A developer would choose this when testing Vaadin applications to leverage framework-specific optimizations while maintaining Selenium's core automation capabilities."
org.seleniumhq.selenium:selenium-java,com.vaadin:vaadin-testbench-api,3,Specialized Functional Replacement,High,"This library is a 'Specialized Functional Replacement' serving as the API interface for Vaadin TestBench. It provides the declarative testing interface that works with the Selenium-based TestBench core implementation, solving the problem of creating maintainable tests for Vaadin applications. Developers would use this alongside TestBench-core to write browser tests using Vaadin's component-oriented abstraction layer."
org.seleniumhq.selenium:selenium-java,org.jboss.arquillian.selenium:selenium-bom,3,BOM,High,"This library is a Bill of Materials (BOM) for managing Selenium dependency versions. It simplifies dependency management by providing a curated set of versions for Selenium artifacts, ensuring compatibility across the ecosystem. This makes it a structural successor to `org.seleniumhq.selenium:selenium-java` in the context of dependency management."
org.seleniumhq.selenium:selenium-server,org.jboss.arquillian.extension:arquillian-drone-webdriver-depchain,3,FRAMEWORK_INTEGRATION,High,"This library represents a dependency chain for integrating WebDriver with the Arquillian testing framework. It facilitates functional testing of web applications by leveraging Selenium WebDriver. While it does not replace the grid management capabilities of `selenium-server`, it provides a streamlined way to incorporate WebDriver into Arquillian tests, which could be used alongside or in place of `selenium-server` for certain testing scenarios."
org.seleniumhq.selenium:selenium-server,org.jboss.arquillian.selenium:selenium-bom,3,BOM,High,"This library serves as a Bill of Materials (BOM) for managing core Selenium dependency versions within the Arquillian ecosystem. It simplifies dependency management for Selenium-related artifacts, ensuring compatibility and reducing version conflicts. While it does not replace the functionality of `selenium-server` for grid management, it provides a structural framework for managing Selenium dependencies in a project."
org.seleniumhq.selenium:selenium-server,org.jboss.arquillian:arquillian-bom,3,BOM,Medium,"The `arquillian-bom` is a Bill of Materials (BOM) for the Arquillian testing framework, which includes extensions for various testing scenarios. While it does not directly replace `selenium-server`, it provides a dependency management framework that could include Selenium-related dependencies when used in conjunction with other Arquillian extensions."
org.seleniumhq.selenium:selenium-server,org.jboss.arquillian.extension:arquillian-drone-impl,3,Specialized Functional Replacement,Medium,"This library provides specialized integration between Arquillian and Selenium, focusing on browser automation within test environments. While it can interact with Selenium Grid, it doesn't replace the core grid management functionality of Selenium Server. A developer might use it for embedded browser testing in Java EE containers, but would still need Selenium Server for standalone grid management."
org.seleniumhq.selenium:selenium-server,org.jboss.arquillian.ajocado:arquillian-ajocado-drone,3,Specialized Functional Replacement,Medium,"As an extension of Arquillian Drone, this provides AJAX-aware Selenium integration but doesn't replace the grid management capabilities of Selenium Server. Developers might choose it for simplified AJAX testing in Java EE environments, but it depends on Selenium for core browser automation rather than replacing server functionality."
org.seleniumhq.selenium:selenium-server,org.jboss.arquillian.extension:arquillian-drone-selenium-server,3,Specialized Functional Replacement,High,"This extension provides Selenium Server management within Arquillian tests. While it integrates with Selenium Server, it doesn't replace its core grid functionality. Developers might use it to manage Selenium Server instances during testing, but it requires Selenium Server itself for grid operations."
org.simpleframework:simple-xml,com.fasterxml.jackson.core:jackson-databind,3,MODERN_REPLACEMENT,High,"Jackson XML (via jackson-dataformat-xml) is the modern standard for XML data binding, solving Simple XML's core problem of lightweight serialization with a more powerful, actively maintained solution. It supports unified annotation-based binding for both XML/JSON, making it ideal for modern applications. Developers would choose Jackson for its superior performance, broader ecosystem support, and alignment with contemporary Java best practices."
org.simpleframework:simple-xml,org.apache.wink:wink-server,3,SPECIALIZED_FUNCTIONAL_REPLACEMENT,Medium,"Apache Wink provides JAX-RS-based XML serialization capabilities using JAXB, solving the RESTful XML exposure aspect of Simple XML's use cases. While not a direct alternative, developers building web services would use Wink for integrated XML binding in REST endpoints, representing an evolution toward standardized JAX-RS implementations."
org.simpleframework:simple-xml,org.apache.wink:wink-common,3,SPECIALIZED_FUNCTIONAL_REPLACEMENT,Medium,"As part of the Wink framework, provides shared XML serialization utilities that could replace Simple XML's infrastructure in JAX-RS contexts. Developers would adopt this for consistent XML handling within REST services rather than standalone serialization."
org.simpleframework:simple-xml,org.codehaus.woodstox:woodstox-core-asl,3,SPECIALIZED_FUNCTIONAL_REPLACEMENT,High,"Woodstox is a high-performance StAX parser that could replace Simple XML's underlying XML processing layer. While not a direct data-binding alternative, developers would use it for efficient low-level XML handling in modern serialization stacks, representing an evolution toward optimized parsing foundations."
org.slf4j:jcl-over-slf4j,ch.qos.logback:logback-classic,3,MODERN_REPLACEMENT,High,"This library is a 'Modern Functional Replacement' that solves the core problem of logging implementation. While jcl-over-slf4j provides JCL-to-SLF4J bridging, logback-classic serves as the native implementation backend for SLF4J. A developer would choose it today as the preferred SLF4J implementation due to its superior performance, native integration with SLF4J, and modern features like conditional reloading of configurations without application restart."
org.slf4j:jcl-over-slf4j,org.apache.logging.log4j:log4j-slf4j-impl,3,MODERN_REPLACEMENT,High,"This library is a 'Modern Functional Replacement' that provides SLF4J binding for Log4j2. It solves the same core problem of logging implementation as the source library but through the modern Log4j2 framework. A developer would choose it today to leverage Log4j2's advanced features like asynchronous logging and lambda support while maintaining SLF4J compatibility, offering better performance and modern API design compared to legacy solutions."
org.slf4j:jcl-over-slf4j,org.apache.logging.log4j:log4j-jcl,3,MODERN_REPLACEMENT,High,"This library is a direct 'Modern Functional Replacement' that provides JCL-to-Log4j2 bridging, solving the same core problem as jcl-over-slf4j but with a modern implementation. A developer would choose it today to route JCL calls directly to Log4j2 without the SLF4J intermediary, benefiting from Log4j2's performance improvements while maintaining compatibility with legacy JCL-based code."
org.slf4j:jcl-over-slf4j,org.springframework.boot:spring-boot-starter-logging,3,FRAMEWORK_INTEGRATION,High,"This library represents a 'Framework Integration via Starter Package'. It directly includes 'jcl-over-slf4j' as a dependency to bridge the legacy Jakarta Commons Logging (JCL) API to SLF4J, enabling unified logging in Spring Boot applications. This starter package provides a curated set of logging dependencies, replacing the need to manually manage JCL bridges. Migration involves including this starter in Spring Boot projects instead of directly depending on jcl-over-slf4j."
org.slf4j:jcl-over-slf4j,org.springframework.boot:spring-boot-starter-web,3,FRAMEWORK_INTEGRATION,Medium,"This starter represents a 'Framework Integration via Starter Package'. It transitively depends on spring-boot-starter-logging, which includes the jcl-over-slf4j bridge. As the standard web starter for Spring Boot, it provides a curated set of dependencies including the logging bridge, ensuring compatibility between Spring's internal JCL usage and modern SLF4J implementations. Migration involves shifting to this starter package instead of managing individual logging dependencies."
org.slf4j:jcl-over-slf4j,org.springframework.boot:spring-boot-starter-test,3,FRAMEWORK_INTEGRATION,Medium,"This library represents a 'Framework Integration via Starter Package'. As the standard testing starter for Spring Boot, it transitively includes spring-boot-starter-logging and the jcl-over-slf4j bridge. It provides a curated set of testing dependencies with pre-configured logging integration, replacing the need for manual JCL bridge management. Migration involves shifting to this starter package for testing dependencies."
org.slf4j:jcl-over-slf4j,org.springframework.boot:spring-boot-starter-security,3,FRAMEWORK_INTEGRATION,Medium,"This starter represents a 'Framework Integration via Starter Package'. It transitively depends on spring-boot-starter-logging, which includes the jcl-over-slf4j bridge. As the standard security starter for Spring Boot, it provides a curated set of security dependencies with integrated logging support. Migration involves shifting to this starter package instead of managing individual dependencies."
org.slf4j:jcl-over-slf4j,org.springframework.boot:spring-boot-starter-data-jpa,3,FRAMEWORK_INTEGRATION,Medium,"This starter represents a 'Framework Integration via Starter Package'. It transitively depends on spring-boot-starter-logging, which includes the jcl-over-slf4j bridge. As the standard JPA starter for Spring Boot, it provides a curated set of data access dependencies with integrated logging support. Migration involves shifting to this starter package for data access functionality."
org.slf4j:jcl-over-slf4j,org.springframework.boot:spring-boot-starter-thymeleaf,3,FRAMEWORK_INTEGRATION,Medium,"This starter represents a 'Framework Integration via Starter Package'. It transitively depends on spring-boot-starter-logging, which includes the jcl-over-slf4j bridge. As the standard Thymeleaf starter for Spring Boot, it provides a curated set of templating dependencies with integrated logging support. Migration involves shifting to this starter package for web templating functionality."
org.slf4j:jcl-over-slf4j,org.springframework.boot:spring-boot-starter-aop,3,FRAMEWORK_INTEGRATION,Medium,"This starter represents a 'Framework Integration via Starter Package'. It transitively depends on spring-boot-starter-logging, which includes the jcl-over-slf4j bridge. As the standard AOP starter for Spring Boot, it provides a curated set of aspect-oriented programming dependencies with integrated logging support. Migration involves shifting to this starter package for AOP functionality."
org.slf4j:jcl-over-slf4j,ch.qos.logback:logback-core,3,MODULARIZATION,Medium,"This library is a 'Specialized Functional Replacement' that provides the core engine for Logback. While not a direct bridge like the source library, it solves the underlying problem of logging implementation as part of the modern SLF4J ecosystem. A developer would use it alongside logback-classic to customize logging behavior, but it doesn't replace the JCL bridging functionality of the source library."
org.slf4j:log4j-over-slf4j,org.springframework.boot:spring-boot-starter-security,3,FRAMEWORK_INTEGRATION,High,"This library represents a 'Framework Integration via Starter Package' relationship. As a Spring Boot starter, it provides pre-configured dependencies for implementing security features in Spring applications. It follows Rule 7 (Framework Integration & Starter) by offering a standardized way to incorporate Spring Security into Spring Boot applications, ensuring compatibility and reducing configuration complexity. Migration involves simply adding this starter to the build file instead of manually managing security dependencies."
org.slf4j:log4j-over-slf4j,org.springframework.boot:spring-boot-starter-data-jpa,3,FRAMEWORK_INTEGRATION,High,"This library also follows Rule 7 (Framework Integration & Starter) as a Spring Boot starter for JPA functionality. It provides a standardized way to integrate JPA (Java Persistence API) with Spring Boot applications, handling dependency management and configuration. This represents a 'Framework Integration via Starter Package' relationship, simplifying JPA implementation by providing pre-configured dependencies rather than requiring manual setup."
org.slf4j:log4j-over-slf4j,org.springframework.boot:spring-boot-starter-test,3,FRAMEWORK_INTEGRATION,High,"This library follows Rule 7 (Framework Integration & Starter) by providing a standardized testing framework for Spring Boot applications. It bundles commonly used testing libraries like JUnit, Spring Test, and Mockito in compatible versions, representing a 'Framework Integration via Starter Package' relationship. This simplifies testing setup by providing pre-configured test dependencies rather than requiring manual management of individual testing libraries."
org.slf4j:log4j-over-slf4j,org.springframework.boot:spring-boot-starter-mail,3,FRAMEWORK_INTEGRATION,High,"As a Spring Boot starter, this library follows Rule 7 (Framework Integration & Starter) by providing pre-configured email functionality for Spring Boot applications. It represents a 'Framework Integration via Starter Package' relationship by bundling the necessary dependencies (like JavaMail) and providing auto-configuration for email capabilities. Migration involves simply adding this starter rather than manually managing email-related dependencies."
org.slf4j:log4j-over-slf4j,org.infinispan:infinispan-defaults-maven-plugin,3,MODERN_REPLACEMENT,Medium,"This library represents a 'Modern Replacement' relationship as part of the Infinispan Maven plugins suite. It provides default configurations for Maven builds using Infinispan, following Rule 4 (Ecosystem & Bill of Materials) by managing version compatibility across the Infinispan ecosystem. The plugin simplifies dependency management by providing standardized configurations rather than requiring manual setup of various Infinispan components."
org.slf4j:log4j-over-slf4j,org.apache.logging.log4j:log4j-to-slf4j,3,Specialized Functional Replacement,High,"This serves as the inverse bridge to log4j-over-slf4j. While the source library redirects Log4j 1.x → SLF4J, this redirects Log4j 2.x → SLF4J. It solves the same core problem of library consolidation but for a different generation of Log4j. Developers would choose this when modernizing applications with Log4j 2.x dependencies."
org.slf4j:log4j-over-slf4j,org.apache.logging.log4j:log4j-1.2-api,3,Cross-Technology Competitor,High,"This provides a different solution to the same legacy problem - it implements the Log4j 1.x API using Log4j 2.x internals. Unlike the source library which redirects to SLF4J, this maintains the Log4j ecosystem. Developers would choose this when standardizing on Log4j 2.x while needing backward compatibility."
org.slf4j:slf4j-android,com.github.tony19:logback-android-classic,3,MODERN_REPLACEMENT,Medium,"This library is a 'Modern Functional Replacement' that addresses the core problem of Android logging through the SLF4J facade. While slf4j-android provides basic Android logcat binding, logback-android-classic offers a more feature-rich implementation with advanced capabilities like file appenders, rolling policies, and fine-grained configuration. A developer would choose this alternative today to solve the same underlying logging needs with enhanced functionality while maintaining the familiar SLF4J API. Migration would involve switching bindings while preserving existing logging statements."
org.slf4j:slf4j-api,org.springframework.boot:spring-boot-starter-web,3,FRAMEWORK_INTEGRATION,High,"This library represents a 'Framework Integration via Starter Package'. For projects using Spring Boot, 'spring-boot-starter-web' is the canonical way to incorporate web functionality. It replaces the need to manually manage dependencies for building web applications by providing a curated set of libraries, ensuring compatibility. This means migration involves shifting the dependency from the original library to this starter package in the build file."
org.slf4j:slf4j-api,org.springframework.boot:spring-boot-starter-test,3,FRAMEWORK_INTEGRATION,High,"This library represents a 'Framework Integration via Starter Package'. For projects using Spring Boot, 'spring-boot-starter-test' is the canonical way to incorporate testing. It replaces the need to manually manage testing libraries like JUnit Jupiter, Hamcrest, and Mockito by providing a curated set of libraries, ensuring compatibility. This means migration involves shifting the dependency from the original library to this starter package in the build file."
org.slf4j:slf4j-api,org.springframework.boot:spring-boot-starter-security,3,FRAMEWORK_INTEGRATION,High,"This library represents a 'Framework Integration via Starter Package'. For projects using Spring Boot, 'spring-boot-starter-security' is the canonical way to incorporate security functionality. It replaces the need to manually manage security dependencies for protecting web resources by providing a curated set of libraries, ensuring compatibility. This means migration involves shifting the dependency from the original library to this starter package in the build file."
org.slf4j:slf4j-api,org.mybatis.spring.boot:mybatis-spring-boot-starter,3,FRAMEWORK_INTEGRATION,High,"This library represents a 'Framework Integration via Starter Package'. For projects using Spring Boot and MyBatis, 'mybatis-spring-boot-starter' is the canonical way to integrate MyBatis with Spring Boot. It reduces boilerplate code and simplifies configuration for building MyBatis applications on top of Spring Boot. Migration involves replacing manual integration steps with this starter package in the build file."
org.slf4j:slf4j-api,org.springframework.boot:spring-boot-starter-thymeleaf,3,FRAMEWORK_INTEGRATION,Medium,"This library represents a 'Framework Integration via Starter Package'. For projects using Spring Boot, 'spring-boot-starter-thymeleaf' is the canonical way to incorporate Thymeleaf templating engine for building dynamic web interfaces. It replaces the need to manually manage Thymeleaf dependencies by providing a curated set of libraries, ensuring compatibility. Migration involves shifting the dependency to this starter package in the build file."
org.slf4j:slf4j-api,org.springframework.boot:spring-boot-starter-data-jpa,3,FRAMEWORK_INTEGRATION,High,"This library represents a 'Framework Integration via Starter Package'. For projects using Spring Boot, 'spring-boot-starter-data-jpa' is the canonical way to incorporate JPA (Java Persistence API) functionality for database operations. It replaces the need to manually manage JPA dependencies by providing a curated set of libraries, ensuring compatibility. Migration involves shifting the dependency from the original library to this starter package in the build file."
org.slf4j:slf4j-api,org.springframework.boot:spring-boot-starter-logging,3,BOM,High,"This library represents a 'Bill of Materials (BOM)'. For projects using Spring Boot, 'spring-boot-starter-logging' provides the default logging configuration and manages the version set for the logging ecosystem, including SLF4J, Logback, and Log4j2. It acts as a central dependency that ensures compatibility across logging frameworks. Migration involves relying on this BOM to manage logging dependencies rather than manually specifying them."
org.slf4j:slf4j-api,org.springframework.boot:spring-boot-starter-tomcat,3,FRAMEWORK_INTEGRATION,High,"This library represents a 'Framework Integration via Starter Package'. For projects using Spring Boot, 'spring-boot-starter-tomcat' is the canonical way to incorporate Tomcat as the embedded web container. It replaces the need to manually manage Tomcat dependencies by providing a curated set of libraries, ensuring compatibility. Migration involves shifting the dependency from the original library to this starter package in the build file."
org.slf4j:slf4j-api,org.springframework.boot:spring-boot-starter-aop,3,FRAMEWORK_INTEGRATION,Medium,"This library represents a 'Framework Integration via Starter Package'. For projects using Spring Boot, 'spring-boot-starter-aop' is the canonical way to incorporate Aspect-Oriented Programming (AOP) functionality. It replaces the need to manually manage AOP dependencies by providing a curated set of libraries, ensuring compatibility. Migration involves shifting the dependency from the original library to this starter package in the build file."
org.slf4j:slf4j-api,org.springframework.boot:spring-boot-starter-log4j2,3,FRAMEWORK_INTEGRATION,High,"This library represents a 'Framework Integration via Starter Package'. For projects using Spring Boot, 'spring-boot-starter-log4j2' is the canonical way to incorporate Log4j2 as the logging framework. It replaces the need to manually manage Log4j2 dependencies by providing a curated set of libraries, ensuring compatibility. Migration involves shifting the dependency from the original library to this starter package in the build file."
org.slf4j:slf4j-api,org.apache.logging.log4j:log4j-api,3,COMPETITOR,High,"Log4j2 API serves as a 'Cross-Technology Competitor' to SLF4J, providing its own facade design for modern logging needs. While SLF4J focuses on universal abstraction, Log4j2 offers a high-performance API with native features like asynchronous logging and advanced filters. Developers might choose Log4j2 API for projects deeply integrated with the Log4j2 ecosystem, accepting vendor-specific APIs in exchange for enhanced performance capabilities."
org.slf4j:slf4j-api,org.jboss.logging:jboss-logging,3,COMPETITOR,High,"JBoss Logging serves as a 'Cross-Technology Competitor' to SLF4J, providing similar facade capabilities within the JBoss ecosystem. It offers abstraction with JDK logging, Log4j, and SLF4J backends, but prioritizes integration with JBoss/WildFly services. Developers in JBoss-centric environments might choose this for native container integration, while SLF4J remains the broader industry standard."
org.slf4j:slf4j-ext,org.jboss.errai.bom:errai-bom,3,FRAMEWORK_INTEGRATION,Medium,"This library represents a 'Framework Integration via Bill of Materials (BOM)'. The Errai BOM includes SLF4J as part of its managed dependencies, particularly for logging integration in client-side and server-side code. This ensures compatibility and simplifies dependency management for projects using Errai with SLF4J."
org.slf4j:slf4j-ext,com.github.danielwegener:logback-kafka-appender,3,Specialized Functional Replacement,Medium,"This library is a 'Specialized Functional Replacement' that addresses a specific subset of the source library's capabilities. While it doesn't replace slf4j-ext's fluent API or profiling features, it provides specialized event logging capabilities by enabling log events to be sent to Kafka. A modern developer would choose this to solve the specific problem of streaming structured log events to Kafka pipelines while still relying on SLF4J/Logback for core logging. This represents an evolution toward decoupled, stream-based logging architectures."
org.slf4j:slf4j-ext,org.jboss.logging:jboss-logging,3,COMPETITOR,Medium,"This library is a 'Cross-Technology Competitor' that addresses similar core logging abstraction needs but within the JBoss ecosystem. While it provides basic logging facade capabilities comparable to core SLF4J, it doesn't offer equivalent advanced features to slf4j-ext like fluent APIs, structured event logging, or profiling utilities. A developer would choose JBoss Logging when building JBoss-specific applications requiring tight integration with their ecosystem."
org.slf4j:slf4j-jcl,ch.qos.logback:logback-classic,3,MODERN_REPLACEMENT,High,"This library is a 'Modern Functional Replacement' that addresses the core problem of providing a robust logging implementation for SLF4J. While slf4j-jcl was designed to bridge SLF4J to the obsolete JCL backend, Logback Classic is SLF4J's native implementation that offers superior performance, automatic reloading of configuration files, and better filtering capabilities. A modern developer would choose Logback Classic as it provides a direct, efficient solution without the legacy overhead of JCL."
org.slf4j:slf4j-jcl,io.netty:netty-all,3,MODERN_REPLACEMENT,High,"This library represents a 'Modern Replacement'. Netty is a modern, high-performance network application framework that uses SLF4J for logging. While it does not directly replace `slf4j-jcl`, it represents a more modern approach to logging and network communication. Netty includes support for SLF4J and can be configured to use modern logging implementations like Logback or Log4J, making it a suitable modern replacement for applications that were previously using JCL."
org.slf4j:slf4j-jcl,io.spring.platform:platform-bom,3,BOM,High,"This library represents a 'Bill of Materials (BOM)'. The Spring IO Platform BOM provides dependency management for a curated set of libraries, including SLF4J and JCL. This means it can be used to manage the versions of logging libraries in a coordinated way. However, it does not replace the specific functionality of `slf4j-jcl` as it is not a direct replacement but rather a version management tool."
org.slf4j:slf4j-jcl,commons-logging:commons-logging,3,SPECIALIZED_FUNCTIONAL_REPLACEMENT,High,"This library is a 'Specialized Functional Replacement' that represents the backend implementation the source library was bridging to. While not a direct replacement for the binding functionality, it solves the core problem of abstracted logging that slf4j-jcl was designed to connect with. A developer might consider this when working with legacy systems that directly use JCL, though modern applications should prefer SLF4J with modern implementations like Logback."
org.slf4j:slf4j-jdk14,ch.qos.logback:logback-classic,3,MODERN_REPLACEMENT,High,"Logback Classic is a Modern Functional Replacement that solves the core problem of SLF4J binding with superior performance and features. While the source library bridges SLF4J to JUL, Logback provides a native SLF4J implementation with asynchronous logging and automatic reloading. Developers choose Logback for its modern architecture, making it the de facto successor in Spring Boot applications."
org.slf4j:slf4j-jdk14,org.apache.logging.log4j:log4j-slf4j-impl,3,MODERN_REPLACEMENT,High,This library is a Modern Functional Replacement that routes SLF4J calls to Log4j2 instead of JUL. It solves the same core problem of SLF4J binding while offering advanced features like asynchronous logging and JSON formatting. Developers adopt this for high-performance applications where Log4j2's architecture outperforms JUL.
org.slf4j:slf4j-jdk14,io.spring.platform:platform-bom,3,BOM,High,"This library represents a Bill of Materials (BOM) as indicated by its `-bom` suffix and official documentation. According to Maven best practices, a BOM is a special kind of POM used to control the versions of a project's dependencies and provide a central place to define and update those versions. The Spring IO Platform BOM specifically brings together core Spring APIs into a cohesive platform, ensuring version alignment across Spring projects. For dependency management purposes, this BOM would be particularly useful in multi-module projects where consistent versioning of Spring dependencies is required. Unlike SLF4J bindings which focus specifically on logging, this BOM provides version management across a broad spectrum of Spring-related dependencies."
org.slf4j:slf4j-log4j12,org.apache.logging.log4j:log4j-slf4j-impl,3,MODERN_REPLACEMENT,High,"This library serves as a modern replacement for slf4j-log4j12 by providing SLF4J binding for Log4j 2.x. Unlike the legacy slf4j-log4j12 which binds to vulnerable Log4j 1.x, this implementation supports the newer Log4j 2 API. Multiple sources confirm this relationship, showing both libraries appear together in dependency trees as alternative bindings, with this library being the recommended choice for modern applications due to security concerns with Log4j 1.x."
org.slf4j:slf4j-log4j12,ch.qos.logback:logback-classic,3,MODERN_REPLACEMENT,High,"Logback-classic serves as a modern replacement option for slf4j-log4j12. As a native SLF4J implementation developed by the same creator as SLF4J, it offers better performance and more features than the legacy Log4j 1.x binding. Multiple sources confirm that both libraries are used as SLF4J bindings, with logback-classic being the recommended choice for new applications. The SLF4J manual explicitly states that logback-classic is the preferred implementation when starting a new project."
org.slf4j:slf4j-log4j12,org.springframework.boot:spring-boot-starter,1,BOM,High,"This library represents a 'Bill of Materials' (Rule 4) relationship. It serves as the core Spring Boot starter that manages version sets for the entire Spring Boot ecosystem. It includes spring-boot-starter-logging by default, which provides the logging implementation. This makes it a central component for dependency management across Spring Boot applications."
org.slf4j:slf4j-log4j12,org.springframework.boot:spring-boot-starter-web,1,FRAMEWORK_INTEGRATION,High,"This library represents a 'Framework Integration via Starter Package' relationship. It's a foundational starter for web applications using Spring MVC. While not specifically a logging library, it depends on spring-boot-starter-logging by default, making it follow Rule 7 as part of the Spring Boot ecosystem. It integrates all necessary components for web development including embedded Tomcat and Spring MVC configuration."
org.slf4j:slf4j-log4j12,org.springframework.boot:spring-boot-starter-test,1,FRAMEWORK_INTEGRATION,High,"This library represents a 'Framework Integration via Starter Package' relationship. It provides a curated set of testing libraries (JUnit, Mockito, Hamcrest) specifically integrated for Spring Boot applications. While not directly related to logging, it follows Rule 7 by representing the best practice for testing Spring Boot applications. Migration involves simply adding this starter dependency instead of managing individual testing libraries."
org.slf4j:slf4j-log4j12,org.springframework.boot:spring-boot-starter-data-jpa,1,FRAMEWORK_INTEGRATION,High,"This library represents a 'Framework Integration via Starter Package' relationship. It provides a curated set of dependencies for using Spring Data JPA with Hibernate. Following Rule 7, it simplifies JPA configuration in Spring Boot applications by providing default configurations. While focused on data persistence rather than logging, it exemplifies the starter pattern that characterizes Spring Boot integration."
org.slf4j:slf4j-log4j12,org.mybatis.spring.boot:mybatis-spring-boot-starter,1,FRAMEWORK_INTEGRATION,High,This library represents a 'Framework Integration via Starter Package' relationship. It follows Rule 7 by providing Spring Boot integration for the MyBatis SQL mapping framework. The analysis of its dependencies shows it includes mybatis-thymeleaf and works with Spring Boot's autoconfiguration system. It simplifies MyBatis integration by providing default configurations and autoconfigured components.
org.slf4j:slf4j-log4j12,org.springframework.boot:spring-boot-starter-thymeleaf,1,FRAMEWORK_INTEGRATION,High,"This library represents a 'Framework Integration via Starter Package' relationship. It provides integration between Spring Boot and the Thymeleaf template engine. While not specifically related to logging, it follows Rule 7 by representing the best practice for integrating Thymeleaf in Spring Boot applications. The documentation shows that Spring Boot automatically configures the SpringTemplateEngine when Thymeleaf is on the classpath."
org.slf4j:slf4j-nop,com.baomidou:mybatis-plus-boot-starter,3,FRAMEWORK_INTEGRATION,High,"This library represents a 'Framework Integration via Starter Package'. For projects using Spring Boot, 'mybatis-plus-boot-starter' is the canonical way to incorporate MyBatis Plus functionality. It replaces the need to manually manage SLF4J bindings by providing a curated set of libraries, ensuring compatibility. This means migration involves shifting the dependency from the original SLF4J binding to this starter package in the build file."
org.slf4j:slf4j-nop,org.springframework:spring-test,3,Specialized Functional Replacement,Medium,"This library is a 'Specialized Functional Replacement' for test logging configuration. While not a direct binding like slf4j-nop, spring-test provides mechanisms to suppress logging during unit testing through test-specific configuration files. A developer would use spring-test's context configuration to disable logging in tests, achieving similar silent behavior through environment-specific setup rather than a universal binding."
org.slf4j:slf4j-nop,ru.yandex.qatools.allure:allure-bundle,3,MODERN_REPLACEMENT,Low,"While no direct relationship was found between allure-bundle and SLF4J, the library represents a modern replacement pattern in software development. It bundles multiple Allure components together, similar to how SLF4J bindings are managed. However, it does not directly relate to SLF4J or serve as a structural successor to slf4j-nop."
org.slf4j:slf4j-nop,org.glassfish.jersey.bundles.repackaged:jersey-guava,3,SHADED_LIBRARY,Medium,"This library represents a 'Shaded / Repackaged Library' pattern. It repackages Guava libraries for use within the Jersey framework, similar to how SLF4J bindings might be repackaged in other contexts. However, it has no direct relationship to SLF4J or slf4j-nop specifically."
org.slf4j:slf4j-nop,ch.qos.logback:logback-classic,3,COMPETITOR,High,"This library is a 'Cross-Technology Competitor' that provides actual logging implementation rather than silent discarding. While both are SLF4J bindings, logback-classic actively outputs logs to destinations like console/files, whereas slf4j-nop intentionally suppresses all logging. A developer would choose logback-classic when needing actual logging output during development/production, while slf4j-nop is preferred for complete log suppression in testing or performance-critical scenarios."
org.slf4j:slf4j-simple,ch.qos.logback:logback-classic,3,MODERN_REPLACEMENT,High,"Logback-classic is the 'Modern Functional Replacement' for slf4j-simple, solving the core problem of providing a production-ready logging implementation for SLF4J. While slf4j-simple offers minimal output, Logback provides robust features like configurable appenders, filters, and asynchronous logging. Developers choose Logback today for its native SLF4J integration, performance optimizations, and enterprise-grade capabilities, making it the recommended successor for serious applications."
org.slf4j:slf4j-simple,org.apache.logging.log4j:log4j-core,3,MODERN_REPLACEMENT,High,"Log4j-core is a 'Modern Functional Replacement' that solves slf4j-simple's core problem through its implementation of Log4j2 - a high-performance logging framework. It provides advanced features like asynchronous loggers and plugin architecture while supporting SLF4J bindings. Developers choose Log4j2 today for extreme throughput requirements and modern configurability, representing an industry-standard solution for production logging."
org.slf4j:slf4j-simple,log4j:log4j,3,COMPETITOR,High,"Log4j 1.x serves as a 'Cross-Technology Competitor' that historically solved similar logging problems but represents an earlier generation of solutions. Unlike slf4j-simple's binding approach, Log4j is a full framework with configuration flexibility. Modern developers would prefer Log4j2 or Logback due to better performance and maintenance, though Log4j demonstrates the evolutionary context of Java logging solutions."
org.slf4j:slf4j-simple,commons-logging:commons-logging,3,COMPETITOR,High,"Commons Logging is a 'Cross-Technology Competitor' as a logging facade that solves abstraction problems similar to SLF4J. However, it doesn't provide an implementation like slf4j-simple. Developers today prefer SLF4J for its stability and lack of classloader issues, making this a historical alternative rather than a direct replacement."
org.slf4j:slf4j-simple,org.apache.logging.log4j:log4j-slf4j-impl,3,FRAMEWORK_INTEGRATION,High,"log4j-slf4j-impl is not a successor to slf4j-simple, but rather a bridge that allows applications using the SLF4J API to route their logging through Log4j 2 as the implementation. The official Log4j documentation states that this binding allows SLF4J API calls to be handled by Log4j 2, effectively integrating SLF4J with Log4j. This is fundamentally different from being a successor; instead, it enables interoperability between two logging systems."
org.sonatype.sisu:sisu-guice,com.google.inject:guice,3,MODERN_REPLACEMENT,High,"This library is a 'Modern Functional Replacement' that addresses the core problem of dependency injection. While sisu-guice provided compatibility between Sisu and Guice, modern development practices favor using Google Guice directly as the standard dependency injection framework. A developer would choose Guice today as it solves the same underlying dependency injection problem with first-party support, active maintenance, and comprehensive documentation. Migration would involve removing the Sisu compatibility layer and using Guice's native API."
org.sonatype.sisu:sisu-guice,com.google.inject.extensions:guice-assistedinject,3,Specialized Functional Replacement,Medium,"This library is a 'Specialized Functional Replacement' that addresses factory-style dependency injection scenarios. While not a direct competitor to sisu-guice's integration capabilities, it provides enhanced functionality for assisted injection patterns that could replace specific use cases of the source library. A developer might choose this extension to solve particular object creation challenges in a modern Guice-based system."
org.sonatype.sisu:sisu-guice,com.google.inject.extensions:guice-multibindings,3,Specialized Functional Replacement,Medium,This library is a 'Specialized Functional Replacement' that offers advanced binding capabilities for multi-instance dependencies. It provides a modern solution for scenarios where sisu-guice might have been used to manage complex binding configurations. Developers would choose this extension to implement plugin systems or modular architectures using Guice's native extension mechanisms.
org.swinglabs:swingx,net.java.dev.glazedlists:glazedlists_java15,3,Specialized Functional Replacement,Medium,"Glazed Lists serves as a specialized functional replacement for SwingX's advanced table components. It provides sophisticated sorting, filtering, and event-driven list management capabilities that solve the same core problem of complex data presentation in Swing applications. While not a full UI toolkit, developers would choose it today for its superior data handling in table-heavy interfaces, requiring migration to its event-list model."
org.swinglabs:swingx,org.jdesktop:beansbinding,3,Specialized Functional Replacement,Medium,"BeansBinding is a specialized functional replacement for SwingX's data binding capabilities. It solves the core problem of synchronizing UI components with data models through declarative bindings, similar to SwingX's property utilities. Modern developers would adopt it for cleaner MVC architecture in Swing applications, though migration requires learning its binding expressions."
org.swinglabs:swingx,com.googlecode.vfsjfilechooser2:vfsjfilechooser2,3,Specialized Functional Replacement,Low,"This library offers a specialized functional replacement for SwingX's file chooser components. It extends standard Swing file dialogs with virtual filesystem support, solving the same core problem of enhanced file selection. Developers would choose it today for applications needing cloud/archive file access, with migration involving replacement of JXFilePicker instances."
org.swinglabs:swingx,de.huxhorn.sulky:de.huxhorn.sulky.buffers.table,3,Specialized Functional Replacement,Low,"Sulky Buffers Table provides specialized table rendering capabilities that partially replace SwingX's JXTable features. It solves the core problem of efficient large dataset visualization in Swing through buffer-based rendering. Developers would adopt it for high-performance table views, though it lacks SwingX's comprehensive component suite."
org.testng:testng,org.junit.jupiter:junit-jupiter-engine,3,MODERN_REPLACEMENT,High,"JUnit Jupiter is the modern replacement for TestNG, implementing many of TestNG's innovations within a contemporary testing framework. As the core engine of JUnit 5, it provides annotation-based testing, parallel execution, and parameterized tests with a more extensible architecture. Developers would choose this as the current de facto standard for Java testing, especially in Spring-based applications, offering better tooling integration and future-proofing."
org.testng:testng,junit:junit,3,COMPETITOR,High,"JUnit is a direct competitor to TestNG as a Java testing framework. While TestNG offers advanced features like flexible test grouping and parameterization, JUnit provides a simpler approach for unit testing with strong community adoption. Developers might choose JUnit for its widespread IDE integration and established patterns in unit testing, though TestNG remains better suited for complex integration testing scenarios."
org.testng:testng,org.springframework.boot:spring-boot-starter-web,3,FRAMEWORK_INTEGRATION,High,"This library represents a 'Framework Integration via Starter Package'. It is the canonical way to integrate web capabilities into a Spring Boot application, replacing the need to manually manage dependencies like embedded servers (Tomcat, Jetty) and Spring MVC. This means migration involves shifting the dependency from the original library to this starter package in the build file."
org.testng:testng,org.springframework.boot:spring-boot-starter-validation,3,FRAMEWORK_INTEGRATION,High,"This library represents a 'Framework Integration via Starter Package'. It provides validation capabilities (e.g., JSR-380) for Spring Boot applications, replacing the need to manually manage validation libraries. This means migration involves shifting the dependency from the original library to this starter package in the build file."
org.testng:testng,org.springframework.boot:spring-boot-starter-test,3,FRAMEWORK_INTEGRATION,High,"This library represents a 'Framework Integration via Starter Package'. It is the canonical way to incorporate testing utilities (e.g., JUnit, Mockito, AssertJ) into a Spring Boot application, replacing the need to manually manage these dependencies. This means migration involves shifting the dependency from the original library to this starter package in the build file."
org.xerial:sqlite-jdbc,com.h2database:h2,3,MODERN_REPLACEMENT,High,"H2 is a 'Modern Functional Replacement' that addresses the core problem of embedded database storage. While SQLite JDBC provides file-based SQLite access, H2 offers a pure Java embedded database solution with similar lightweight characteristics but enhanced features like in-memory databases and compatibility modes. A modern developer would choose H2 for its better Java integration, server mode capability, and richer SQL dialect while maintaining the embedded, zero-configuration approach."
org.xerial:sqlite-jdbc,org.postgresql:postgresql,3,COMPETITOR,High,"This library is a 'Cross-Technology Competitor' that solves database connectivity but through a client-server model rather than embedded storage. While both provide JDBC drivers, PostgreSQL requires a separate database server process, fundamentally different from SQLite's embedded architecture. A developer would choose PostgreSQL for multi-user, transactional applications rather than single-user embedded scenarios."
org.xerial:sqlite-jdbc,com.github.marcosemiao.log4jdbc:log4jdbc-utils,3,Specialized Functional Replacement,Medium,"This library is a 'Specialized Functional Replacement' that enhances rather than replaces SQLite JDBC. It provides logging and debugging capabilities for JDBC operations, addressing the specific need for SQL visibility during development. A developer would use this alongside SQLite JDBC for debugging rather than as a replacement."
org.xerial:sqlite-jdbc,org.ehcache:ehcache-clustered,3,Specialized Functional Replacement,Medium,"This library is a 'Specialized Functional Replacement' that addresses caching needs rather than persistent storage. While SQLite provides persistent embedded storage, Ehcache offers in-memory caching with clustering capabilities. A developer might use Ehcache for performance-critical caching layers while maintaining SQLite for persistent storage."
org.yaml:snakeyaml,com.fasterxml.jackson.dataformat:jackson-dataformat-yaml,3,MODERN_REPLACEMENT,High,"This library is a 'Modern Functional Replacement' that addresses the core problem of YAML processing in Java. While SnakeYAML provides comprehensive YAML 1.1 support, Jackson-dataformat-yaml offers a more integrated solution for projects already using Jackson's data-binding ecosystem. A developer would choose it today to solve the same underlying problem with a consistent API across multiple data formats (YAML, JSON, XML) and seamless POJO mapping. Migration would involve adopting Jackson's ObjectMapper paradigm instead of SnakeYAML's direct API."
org.yaml:snakeyaml,org.springframework.boot:spring-boot-starter-web,3,FRAMEWORK_INTEGRATION,High,"This library represents a 'Framework Integration via Starter Package' relationship with SnakeYAML. As a core Spring Boot starter, it includes SnakeYAML as a managed dependency for YAML configuration processing, particularly for parsing `application.yml` files. Evidence shows Spring Boot explicitly manages SnakeYAML versions (e.g., through properties in `pom.xml`) and has addressed security issues like CVE-2022-1471 by upgrading to SnakeYAML 2.0. This indicates that Spring Boot web starter serves as the canonical integration point for YAML processing within the Spring ecosystem, abstracting direct dependency management to provide a cohesive configuration solution."
org.yaml:snakeyaml,org.springframework:spring-web,3,FRAMEWORK_INTEGRATION,Medium,"This library represents a 'Framework Integration' relationship with SnakeYAML. While not a YAML processor itself, Spring Web integrates SnakeYAML for configuration processing. A Spring Boot developer would use this integration to solve application configuration needs, leveraging Spring's auto-configuration and property binding capabilities."
org.yaml:snakeyaml,org.yamcs:yamcs-api,3,SPECIALIZED FUNCTIONAL REPLACEMENT,Medium,"This library is a 'Specialized Functional Replacement' that addresses configuration management using YAML. While SnakeYAML is a general-purpose YAML processor, Yamcs-api provides domain-specific YAML configuration for spacecraft mission control systems. A developer in the aerospace domain would choose it to solve specialized configuration needs with pre-built schemas for telemetry and commanding systems."
org.yaml:snakeyaml,io.smallrye:smallrye-metrics,3,SPECIALIZED FUNCTIONAL REPLACEMENT,Medium,"This library is a 'Specialized Functional Replacement' that addresses configuration through YAML. While SnakeYAML is a general-purpose processor, SmallRye Metrics provides a dedicated YAML configuration source for microservice metrics. A Quarkus developer would choose it to solve the specific problem of metric configuration with framework integration and automatic binding to MicroProfile APIs."
org.yaml:snakeyaml,com.fasterxml.jackson.core:jackson-databind,3,MODULARIZATION,High,"This library represents a 'Modularization' relationship to SnakeYAML. As a core component of Jackson's data-binding system, it enables the YAML processing capabilities in jackson-dataformat-yaml. A developer would use it as part of a migration to Jackson's unified data-binding approach, solving the core problem of object serialization with consistency across multiple formats."
woodstox:wstx-asl,com.sun.enterprise:stax-osgi,3,MODERN_REPLACEMENT,High,"This is an OSGi-compatible repackaging of Woodstox Core, making it a 'Modern Functional Replacement' that solves the same core problem of high-performance StAX parsing in modular environments. Developers would choose this for OSGi-based systems needing efficient XML processing with modern dependency management."
woodstox:wstx-asl,org.apache.geronimo.framework:xmlbeans,3,Specialized Functional Replacement,High,"This XML-to-Java binding library provides a 'Specialized Functional Replacement' for the data binding aspect of XML processing. While not a streaming parser, it solves the higher-level problem of XML-Java conversion that developers might use Woodstox for in object mapping scenarios. Modern developers would choose this for schema-based XML data binding."
woodstox:wstx-asl,org.springframework:spring-web,3,FRAMEWORK_INTEGRATION,Medium,"While not a direct replacement, Spring Web integrates XML parsing through various providers for configuration and messaging. Modern developers would use its abstraction layer with underlying parsers like Woodstox for efficient XML handling in web applications."
woodstox:wstx-asl,javax.xml.bind:jsr173_api,3,MODULARIZATION,High,"This is the standard StAX API specification (JSR-173), representing the 'Modularization' of the interface that Woodstox implements. Developers would use this with a compliant implementation like Woodstox Core rather than as a standalone replacement."
woodstox:wstx-asl,xml-apis:xml-apis,3,MODULARIZATION,High,Provides standard DOM/SAX APIs but not StAX functionality. Represents the 'Modularization' of legacy XML interfaces that a StAX implementation might coexist with. Not a direct replacement for Woodstox's streaming capabilities.
woodstox:wstx-asl,org.codehaus.woodstox:wstx-asl,3,SHADED_LIBRARY,High,This is the exact same library as the source but under its original groupId. It represents the obsolete Codehaus-hosted version of Woodstox that was succeeded by com.fasterxml.woodstox:woodstox-core. A modern developer would choose the actively maintained FasterXML version instead for security updates and Java version compatibility.
xalan:xalan,net.sf.saxon:Saxon-HE,3,MODERN_REPLACEMENT,High,"This library is a 'Modern Functional Replacement' that addresses the core problem of XML transformation. While Xalan provided XSLT 1.0 support for legacy Java environments, Saxon implements the modern XSLT 3.0 standard with enhanced functionality. A developer would choose Saxon today for its superior XPath support, schema-aware processing, and streaming capabilities that solve the same transformation problems more efficiently in contemporary applications."
xalan:xalan,org.infinispan:infinispan-defaults-maven-plugin,2,MODERN_REPLACEMENT,Low,"The 'org.infinispan:infinispan-defaults-maven-plugin' is a Maven plugin designed to provide default configurations for Infinispan projects. While not directly related to XML processing, it represents a modern approach to managing build configurations and defaults in a Maven-based project. This plugin serves as a specialized tool for streamlining the build process in Infinispan projects, indicating a shift towards more modern and efficient build practices. Thus, it can be seen as a modern replacement for traditional build configuration methods."
xalan:xalan,org.wildfly:wildfly-parent,1,BOM,High,"The library 'org.wildfly:wildfly-parent' serves as a parent POM for the WildFly application server, providing a centralized configuration for build processes. This parent POM manages dependencies and plugins for various modules within the WildFly ecosystem, aligning with the Bill of Materials (BOM) pattern by defining a consistent set of versions and configurations. This structural role ensures that projects using WildFly can maintain uniformity across their builds, making it a valid structural successor to the source library in terms of managing build configurations and dependencies."
xalan:xalan,org.mule.modules:mule-module-spring-config,1,FRAMEWORK_INTEGRATION,Medium,"The library 'org.mule.modules:mule-module-spring-config' is a module that integrates Spring configuration with Mule, facilitating the use of Spring's dependency injection within Mule applications. This library does not directly relate to XML processing or transformation but rather serves as a framework integration tool, allowing for seamless interaction between Mule and Spring. As such, it represents a structural component that enhances the functionality of Mule applications through framework integration."
xerces:xercesImpl,com.fasterxml.jackson.core:jackson-databind,3,MODERN_REPLACEMENT,High,Modern functional replacement for data binding aspects. Solves the core problem of XML-to-object mapping with superior performance and modern API design. Developers prefer Jackson's XML module for its annotation-driven approach and seamless JSON/XML interoperability.
xerces:xercesImpl,org.apache.logging.log4j:log4j-api,3,Specialized Functional Replacement,High,Provides specialized XML configuration parsing for logging. Solves the core problem of declarative logging configuration using modern Java XML processing (JAXP). Developers choose it for its integrated approach to XML config handling within a logging framework.
xerces:xercesImpl,org.springframework:spring-context-support,3,Specialized Functional Replacement,Medium,"Provides specialized XML handling within Spring's IoC container. While not a direct parser replacement, it solves the core problem of XML-based configuration management in a modern DI framework context. Developers use it for XML-to-bean mapping integrated with Spring's ecosystem."
xerces:xercesImpl,org.simpleframework:simple-xml,3,Specialized Functional Replacement,Medium,"Simple-XML provides a specialized alternative for XML serialization/deserialization rather than low-level parsing. While Xerces solved the problem of standards-compliant XML parsing, Simple-XML addresses the modern need for convention-based object-XML mapping with minimal configuration. Developers would choose it today for simpler data binding without the complexity of Xerces' full validation stack."
xerces:xercesImpl,org.opengis.cite.xerces:xercesImpl-xsd11,3,MODERN_REPLACEMENT,Medium,"The xercesImpl-xsd11 artifact from org.opengis.cite.xerces appears to be a specialized XML Schema processor with support for both XML Schema 1.0 and preliminary XML Schema 1.1 specifications. Evidence from GitHub issues (e.g., opengeospatial/teamengine#138) suggests that this library was considered as a potential replacement for older Xerces implementations like xercesImpl-2.11.0.jar, particularly for enhanced schema support. However, it seems to be used in niche contexts such as conformance testing within the Open Geospatial Consortium (OGC) projects like ets-kml2."
org.reflections:reflections,io.github.classgraph:classgraph,3,MODERN_REPLACEMENT,High,"ClassGraph is a 'Modern Functional Replacement' that solves the core problem of classpath scanning and metadata indexing more efficiently than Reflections. It offers parallel scanning, modern JVM support, and richer query APIs while maintaining backward compatibility. A developer would choose it today for its superior performance, active maintenance, and comprehensive feature set that covers all Reflections use cases with minimal migration overhead."
org.reflections:reflections,io.github.lukehutch:fast-classpath-scanner,3,MODERN_REPLACEMENT,High,This library is the original version of ClassGraph (renamed in 2018) and represents the same 'Modern Functional Replacement' pattern. It solves identical classpath scanning problems as Reflections with optimized performance and modern APIs. Developers would transition to its successor (ClassGraph) for active maintenance while benefiting from the same architectural improvements over Reflections.
org.reflections:reflections,eu.infomas:annotation-detector,3,Specialized Functional Replacement,Medium,"Annotation-detector is a 'Specialized Functional Replacement' focused solely on annotation discovery. While it efficiently solves this subset of Reflections' functionality, it lacks broader classpath scanning capabilities like subtype discovery or method signature queries. A developer might use it for lightweight annotation processing but would still need Reflections or ClassGraph for comprehensive metadata operations."
org.reflections:reflections,com.google.guava:guava,3,MODERN_REPLACEMENT,High,"This library is a 'Modern Functional Replacement' that addresses the core problem of classpath scanning through its ClassPath utility. While Reflections provides comprehensive runtime metadata discovery, Guava offers a more lightweight solution integrated with Google's core libraries. A developer would choose Guava today for simple scanning needs within projects already using Guava, benefiting from its robustness and seamless integration with other utilities. Migration would involve adapting to Guava's simpler API, which covers basic class discovery but lacks Reflections' annotation scanning capabilities."
org.reflections:reflections,org.javassist:javassist,3,Specialized Functional Replacement,Medium,"This library is a 'Specialized Functional Replacement' that addresses metadata manipulation aspects of classpath scanning. While Reflections indexes class metadata for querying, Javassist provides bytecode manipulation capabilities that enable dynamic class modification. A developer would choose Javassist today for advanced bytecode engineering needs, though it requires pairing with a scanning library for full Reflections-like functionality."
org.reflections:reflections,org.hibernate:hibernate-core,3,Specialized Functional Replacement,High,"This library is a 'Specialized Functional Replacement' that addresses the specific problem of JPA entity discovery. While Reflections provides general annotation scanning, Hibernate offers built-in classpath scanning optimized for persistence contexts. A developer would use Hibernate's scanning when building ORM-based applications, as it provides framework-integrated discovery of entities with minimal configuration."
mysql:mysql-connector-java,org.mariadb.jdbc:mariadb-java-client,3,MODERN_REPLACEMENT,High,"This library is a 'Modern Functional Replacement' addressing the same core database connectivity needs. Developed as a community-driven fork of MySQL Connector/J, it offers full MySQL protocol compatibility with enhanced performance and active maintenance. Developers would choose it for modern applications needing a drop-in replacement with better threading support and cloud integration."
mysql:mysql-connector-java,org.springframework.cloud:spring-cloud-dependencies,3,BOM,Medium,"This library represents a 'Bill of Materials (BOM)' for Spring Cloud projects. It manages the versions of dependencies, including those related to database connectivity like MySQL JDBC drivers, ensuring compatibility across the Spring Cloud ecosystem. While it does not directly replace the MySQL JDBC driver, it provides a structured way to manage dependencies, including database-related ones, in a Spring Cloud environment."
mysql:mysql-connector-java,org.springframework.boot:spring-boot-dependencies,3,BOM,Medium,"This library is a 'Bill of Materials (BOM)' for Spring Boot projects. It manages the versions of dependencies, including those related to database connectivity like MySQL JDBC drivers, ensuring compatibility across the Spring Boot ecosystem. While it does not directly replace the MySQL JDBC driver, it provides a structured way to manage dependencies, including database-related ones, in a Spring Boot environment."
mysql:mysql-connector-java,org.mybatis.spring.boot:mybatis-spring-boot-starter,3,FRAMEWORK_INTEGRATION,High,"This library is a 'Framework Integration via Starter Package' for MyBatis within Spring Boot. It simplifies the integration of MyBatis, a popular SQL mapper, with Spring Boot, including database connectivity. While it does not directly replace the MySQL JDBC driver, it provides a streamlined way to configure and use MyBatis with MySQL, ensuring best practices for database interactions in a Spring Boot context."
mysql:mysql-connector-java,org.springframework.boot:spring-boot-starter-test,3,FRAMEWORK_INTEGRATION,High,"This library is a 'Framework Integration via Starter Package' for testing in Spring Boot. It includes dependencies for testing, including database connectivity tools. While it does not directly replace the MySQL JDBC driver, it provides a streamlined way to configure and use testing tools with MySQL, ensuring best practices for database interactions in a Spring Boot testing context."
