fromLib,toLib,semantic_name_score,semantic_desc_score
antlr:antlr,org.jboss.weld.module:weld-jsf,0.24486351013183594,0.47149336338043213
antlr:antlr,org.antlr:antlr-runtime,0.7642132043838501,0.6011474132537842
antlr:stringtemplate,org.antlr:stringtemplate,0.8176867961883545,0.7046708464622498
antlr:stringtemplate,org.freemarker:freemarker,0.4195082187652588,0.6472787857055664
antlr:stringtemplate,org.mvel:mvel14,0.36777710914611816,0.6107404828071594
args4j:args4j,net.sf.jopt-simple:jopt-simple,0.5033289194107056,0.8046689033508301
asm:asm,org.ow2.asm:asm,0.6192178726196289,0.9150499105453491
asm:asm,org.ow2.asm:asm-all,0.6114353537559509,0.7553078532218933
asm:asm,org.ow2.asm:asm-analysis,0.5994549989700317,0.6793954372406006
asm:asm,org.ow2.asm:asm-commons,0.5829331874847412,0.7024362087249756
asm:asm,org.ow2.asm:asm-util,0.6161640882492065,0.6568841338157654
asm:asm,org.ow2.asm:asm-debug-all,0.5784448385238647,0.6433234214782715
asm:asm-all,org.ow2.asm:asm-all,0.6715425252914429,0.938452422618866
asm:asm-all,org.ow2.asm:asm,0.6064317226409912,0.8073908090591431
asm:asm-all,org.apache.servicemix.bundles:org.apache.servicemix.bundles.asm,0.47250550985336304,0.7499489784240723
asm:asm-all,org.ow2.asm:asm-util,0.6113804578781128,0.7756174206733704
asm:asm-all,org.ow2.asm:asm-tree,0.5963895916938782,0.8027384877204895
asm:asm-all,org.ow2.asm:asm-analysis,0.5870636105537415,0.7732144594192505
asm:asm-all,org.ow2.asm:asm-commons,0.5991333723068237,0.7786837220191956
asm:asm-all,org.ow2.asm:asm-debug-all,0.6412338614463806,0.7425891757011414
asm:asm-all,org.glassfish.external:asm-all-repackaged,0.5551777482032776,0.673298716545105
backport-util-concurrent:backport-util-concurrent,commons-pool:commons-pool,0.40379273891448975,0.6715788841247559
backport-util-concurrent:backport-util-concurrent,jgroups:jgroups,0.3746678829193115,0.5315262675285339
backport-util-concurrent:backport-util-concurrent,org.apache.geronimo.bundles:httpcore,0.33273428678512573,0.3804108798503876
backport-util-concurrent:backport-util-concurrent,org.apache.geronimo.bundles:woden-impl-dom,0.3018278479576111,0.3225795328617096
backport-util-concurrent:backport-util-concurrent,org.apache.servicemix.bundles:org.apache.servicemix.bundles.commons-io,0.30840516090393066,0.35240674018859863
backport-util-concurrent:backport-util-concurrent,org.mule.modules:mule-module-1to2migration,0.3435734510421753,0.3704250156879425
bcel:bcel,org.apache.bcel:bcel,0.7420175075531006,0.6896697282791138
bcel:bcel,org.ow2.asm:asm-all,0.3018333613872528,0.5698863863945007
bcel:bcel,fr.inria.gforge.spoon:spoon-core,0.3157390356063843,0.7165486216545105
bcel:bcel,com.googlecode.jmockit:jmockit,0.29556816816329956,0.5391483902931213
castor:castor,org.codehaus.castor:castor,0.6421318054199219,0.9315080642700195
castor:castor,javax.xml.bind:jaxb-api,0.254946231842041,0.7457897663116455
castor:castor,org.apache.openjpa:openjpa-all,0.2087981104850769,0.7557998299598694
castor:castor,org.apache.geronimo.modules:geronimo-webservices,0.17863784730434418,0.602817177772522
castor:castor,org.apache.geronimo.modules:geronimo-naming,0.1850319355726242,0.6060713529586792
castor:castor,org.apache.geronimo.modules:geronimo-security,0.1977248638868332,0.6679295301437378
castor:castor,org.apache.geronimo.modules:geronimo-timer,0.18662552535533905,0.6381045579910278
cglib:cglib,net.bytebuddy:byte-buddy,0.47148993611335754,0.7865747213363647
cglib:cglib,org.springframework.boot:spring-boot-starter,0.35836583375930786,0.36768606305122375
cglib:cglib,org.springframework.boot:spring-boot-starter-web,0.2959798276424408,0.3212110698223114
cglib:cglib,org.springframework.boot:spring-boot-starter-test,0.35971537232398987,0.3321056663990021
cglib:cglib,org.springframework.boot:spring-boot-starter-aop,0.4420856237411499,0.5123724341392517
cglib:cglib,org.mybatis.spring.boot:mybatis-spring-boot-starter,0.37073686718940735,0.35791015625
cglib:cglib,org.mockito:mockito-core,0.4294723570346832,0.4961179494857788
cglib:cglib,org.springframework:spring-context,0.49203991889953613,0.7290837168693542
cglib:cglib,org.springframework:spring-tx,0.3979007601737976,0.7013117074966431
cglib:cglib,org.springframework:spring-jdbc,0.39101022481918335,0.6549859046936035
cglib:cglib,org.springframework:spring-web,0.42490720748901367,0.7124947309494019
ch.qos.logback:logback-classic,org.springframework.boot:spring-boot-starter-logging,0.6379826664924622,0.6195305585861206
ch.qos.logback:logback-classic,org.apache.logging.log4j:log4j-core,0.6148011088371277,0.698938250541687
ch.qos.logback:logback-classic,org.apache.logging.log4j:log4j-slf4j-impl,0.5914209485054016,0.710110068321228
ch.qos.logback:logback-classic,org.springframework.boot:spring-boot-dependencies,0.39413511753082275,0.5477941632270813
ch.qos.logback:logback-classic,org.springframework.boot:spring-boot-starter-web,0.35556140542030334,0.3684740662574768
ch.qos.logback:logback-classic,org.springframework.boot:spring-boot-starter-security,0.40077704191207886,0.48109784722328186
ch.qos.logback:logback-classic,org.springframework.boot:spring-boot-starter-data-jpa,0.3839755952358246,0.5071940422058105
ch.qos.logback:logback-classic,org.mybatis.spring.boot:mybatis-spring-boot-starter,0.3755541741847992,0.3616071045398712
ch.qos.logback:logback-classic,org.slf4j:slf4j-simple,0.565669059753418,0.7087744474411011
ch.qos.logback:logback-classic,org.slf4j:slf4j-log4j12,0.590112030506134,0.7216007709503174
ch.qos.logback:logback-classic,org.slf4j:slf4j-jdk14,0.5502897500991821,0.6718801856040955
ch.qos.logback:logback-classic,org.apache.logging.log4j:log4j-1.2-api,0.5597268342971802,0.6446568965911865
ch.qos.logback:logback-classic,org.apache.logging.log4j:log4j-jcl,0.6147029399871826,0.6200796961784363
ch.qos.logback:logback-core,org.apache.logging.log4j:log4j-core,0.6914433836936951,0.7371599674224854
ch.qos.logback:logback-core,com.lmax:disruptor,0.41322043538093567,0.6859423518180847
ch.qos.logback:logback-core,org.springframework.boot:spring-boot-dependencies,0.4286116063594818,0.5682504177093506
ch.qos.logback:logback-core,org.jboss.integration-platform:jboss-integration-platform-bom,0.3546604514122009,0.4977094829082489
colt:colt,org.apache.commons:commons-math3,0.18738669157028198,0.7770529389381409
colt:colt,org.apache.mahout:mahout-math,0.17034803330898285,0.7557395100593567
colt:colt,net.sourceforge.parallelcolt:parallelcolt,0.505583643913269,0.7450127601623535
colt:colt,com.blazegraph:bigdata-core,0.22612902522087097,0.7558196187019348
colt:colt,com.carrotsearch:hppc,0.2192194014787674,0.5462972521781921
colt:colt,com.blazegraph:colt,0.6788937449455261,0.6659746170043945
commons-cli:commons-cli,com.beust:jcommander,0.688238263130188,0.7277534604072571
commons-cli:commons-cli,args4j:args4j,0.5889831781387329,0.7205513715744019
commons-cli:commons-cli,org.apache.hive:hive-cli,0.5810009241104126,0.638344407081604
commons-cli:commons-cli,org.apache.hadoop:hadoop-common,0.4779894948005676,0.6238114237785339
commons-codec:commons-codec,org.springframework.boot:spring-boot-starter-test,0.3770449757575989,0.337951123714447
commons-codec:commons-codec,org.mybatis.spring.boot:mybatis-spring-boot-starter,0.3177106976509094,0.3196510970592499
commons-codec:commons-codec,com.google.guava:guava,0.5750362277030945,0.5593830943107605
commons-codec:commons-codec,org.apache.commons:commons-lang3,0.6768258810043335,0.6017622947692871
commons-codec:commons-codec,org.jboss.integration-platform:jboss-integration-platform-bom,0.3481363356113434,0.3587213456630707
commons-codec:commons-codec,org.apache.hbase:hbase-protocol-shaded,0.5047501921653748,0.4362476170063019
commons-collections:commons-collections,org.apache.commons:commons-collections4,0.8542999625205994,0.9036644697189331
commons-collections:commons-collections,com.google.guava:guava,0.6002467274665833,0.6670417785644531
commons-collections:commons-collections,net.sourceforge.collections:collections-generic,0.6339932084083557,0.7864198088645935
commons-dbcp:commons-dbcp,org.apache.commons:commons-dbcp2,0.8759841322898865,0.7428056597709656
commons-dbcp:commons-dbcp,com.zaxxer:HikariCP,0.6315149664878845,0.6771764159202576
commons-dbcp:commons-dbcp,org.apache.tomcat:tomcat-jdbc,0.7031117081642151,0.7298436760902405
commons-dbcp:commons-dbcp,com.alibaba:druid,0.4556347131729126,0.681617796421051
commons-dbcp:commons-dbcp,org.springframework.boot:spring-boot-starter-web,0.366813063621521,0.38773196935653687
commons-dbcp:commons-dbcp,org.mybatis.spring.boot:mybatis-spring-boot-starter,0.4161396920681,0.41884085536003113
commons-dbcp:commons-dbcp,org.springframework.boot:spring-boot-starter-test,0.3960551619529724,0.38197606801986694
commons-httpclient:commons-httpclient,org.apache.httpcomponents:httpclient,0.7855489253997803,0.8441067934036255
commons-httpclient:commons-httpclient,org.apache.httpcomponents:httpcore,0.753268837928772,0.7445387840270996
commons-httpclient:commons-httpclient,org.apache.httpcomponents:httpmime,0.690434455871582,0.6846108436584473
commons-httpclient:commons-httpclient,org.apache.httpcomponents:fluent-hc,0.709130585193634,0.6609545350074768
commons-httpclient:commons-httpclient,org.apache.httpcomponents:httpasyncclient,0.6868250966072083,0.6509880423545837
commons-httpclient:commons-httpclient,org.apache.geronimo.bundles:httpcore,0.6604994535446167,0.5867027044296265
commons-lang:commons-lang,org.apache.commons:commons-lang3,0.8492524027824402,0.9234731793403625
commons-lang:commons-lang,com.google.guava:guava,0.5012281537055969,0.6461777687072754
commons-lang:commons-lang,org.apache.commons:commons-text,0.7587317228317261,0.7235686779022217
commons-lang:commons-lang,org.springframework.boot:spring-boot-starter-test,0.36490216851234436,0.3948093056678772
commons-lang:commons-lang,org.springframework.boot:spring-boot-starter-web,0.2993338108062744,0.39169740676879883
commons-lang:commons-lang,org.springframework:spring-core,0.5531384348869324,0.6893362402915955
commons-lang:commons-lang,org.springframework.boot:spring-boot-starter-actuator,0.29513585567474365,0.5467172265052795
commons-lang:commons-lang,org.springframework.cloud:spring-cloud-dataflow-shell-core,0.3521323800086975,0.6121760010719299
commons-logging:commons-logging,org.jboss.logging:commons-logging-jboss-logging,0.7736949324607849,0.6830357313156128
commons-logging:commons-logging,org.slf4j:jcl-over-slf4j,0.7190656065940857,0.7696275115013123
commons-logging:commons-logging,org.apache.logging.log4j:log4j-api,0.7292247414588928,0.7177954316139221
commons-logging:commons-logging,org.ops4j.pax.logging:pax-logging-api,0.675652027130127,0.7131402492523193
commons-logging:commons-logging,org.slf4j:slf4j-api,0.6794415712356567,0.796064555644989
commons-logging:commons-logging-api,org.slf4j:slf4j-api,0.7485598921775818,0.7390350699424744
commons-logging:commons-logging-api,org.jboss.logging:jboss-logging,0.6631979942321777,0.6801835298538208
commons-logging:commons-logging-api,org.slf4j:jcl-over-slf4j,0.7133467793464661,0.7979338765144348
com.alibaba:fastjson,com.fasterxml.jackson.core:jackson-databind,0.5224977731704712,0.723905086517334
com.alibaba:fastjson,com.google.code.gson:gson,0.5272579193115234,0.7121104598045349
com.alibaba:fastjson,com.fasterxml.jackson.core:jackson-core,0.5221028923988342,0.68849116563797
com.alibaba:fastjson,org.springframework.boot:spring-boot-starter-web,0.3112364411354065,0.33256617188453674
com.alibaba:fastjson,org.springframework.boot:spring-boot-dependencies,0.28814247250556946,0.3664938509464264
com.alibaba:fastjson,de.codecentric:spring-boot-admin-dependencies,0.3155133128166199,0.49212828278541565
com.alibaba:fastjson,org.springframework.cloud:spring-cloud-dependencies,0.25422540307044983,0.5141803622245789
com.beust:jcommander,info.picocli:picocli,0.5566498637199402,0.7391382455825806
com.beust:jcommander,org.jboss.integration-platform:jboss-integration-platform-bom,0.3499036729335785,0.36007124185562134
com.beust:jcommander,org.gridkit.jvmtool:sjk-cli,0.4870109558105469,0.6229987144470215
com.carrotsearch:hppc,it.unimi.dsi:fastutil,0.37865957617759705,0.5915521383285522
com.carrotsearch:hppc,org.infinispan:infinispan-defaults-maven-plugin,0.37621745467185974,0.33548465371131897
com.datastax.cassandra:cassandra-driver-core,com.datastax.oss:java-driver-query-builder,0.7262486219406128,0.7095224261283875
com.datastax.cassandra:cassandra-driver-core,org.cassandraunit:cassandra-unit-spring,0.7060419917106628,0.5989127159118652
com.datastax.cassandra:cassandra-driver-core,org.hibernate:hibernate-search-elasticsearch,0.45044001936912537,0.45429375767707825
com.datastax.cassandra:cassandra-driver-core,info.archinnov:achilles-embedded,0.3223123252391815,0.5191184282302856
com.fasterxml.jackson.core:jackson-annotations,org.apache.geronimo.specs:geronimo-jsonb_1.0_spec,0.5519517660140991,0.5977292060852051
com.fasterxml.jackson.core:jackson-annotations,org.apache.johnzon:johnzon-jsonb,0.620833158493042,0.7142877578735352
com.fasterxml.jackson.core:jackson-annotations,com.fasterxml.jackson.datatype:jackson-datatype-joda,0.7308911681175232,0.6735186576843262
com.fasterxml.jackson.core:jackson-annotations,org.codehaus.jackson:jackson-core-asl,0.7197080254554749,0.6919936537742615
com.fasterxml.jackson.core:jackson-annotations,org.codehaus.jackson:jackson-mapper-asl,0.7002565860748291,0.7257093191146851
com.fasterxml.jackson.core:jackson-annotations,org.codehaus.jackson:jackson-jaxrs,0.7303019762039185,0.5883613228797913
com.fasterxml.jackson.core:jackson-annotations,org.springframework.boot:spring-boot-starter-web,0.4229941964149475,0.3796992599964142
com.fasterxml.jackson.core:jackson-annotations,org.springframework.boot:spring-boot-dependencies,0.4855637550354004,0.41151776909828186
com.fasterxml.jackson.core:jackson-annotations,com.fasterxml.jackson:jackson-bom,0.7900301814079285,0.7294464707374573
com.fasterxml.jackson.core:jackson-annotations,org.springframework.boot:spring-boot-starter-test,0.47679829597473145,0.3705262541770935
com.fasterxml.jackson.core:jackson-annotations,org.springframework.boot:spring-boot-starter-aop,0.42970719933509827,0.3945257067680359
com.fasterxml.jackson.core:jackson-annotations,org.springframework.boot:spring-boot-devtools,0.44139301776885986,0.5614795088768005
com.fasterxml.jackson.core:jackson-annotations,org.jboss.resteasy:resteasy-jackson-provider,0.6685492396354675,0.6445256471633911
com.fasterxml.jackson.core:jackson-annotations,com.fasterxml.jackson.jaxrs:jackson-jaxrs-json-provider,0.7365565896034241,0.6669903993606567
com.fasterxml.jackson.core:jackson-annotations,io.dropwizard:dropwizard-util,0.46951374411582947,0.5715678334236145
com.fasterxml.jackson.core:jackson-annotations,net.lightbody.bmp:browsermob-core-littleproxy,0.2586027979850769,0.2956772446632385
com.fasterxml.jackson.core:jackson-annotations,org.apache.geronimo.specs:geronimo-json_1.1_spec,0.5535381436347961,0.5871381759643555
com.fasterxml.jackson.core:jackson-annotations,com.google.code.gson:gson,0.5808336734771729,0.6957218647003174
com.fasterxml.jackson.core:jackson-core,org.springframework.boot:spring-boot-starter-json,0.6758648753166199,0.6566657423973083
com.fasterxml.jackson.core:jackson-core,org.springframework.boot:spring-boot-starter-web,0.4309537708759308,0.3879379332065582
com.fasterxml.jackson.core:jackson-core,com.fasterxml.jackson:jackson-bom,0.8472870588302612,0.7021135091781616
com.fasterxml.jackson.core:jackson-core,org.springframework.boot:spring-boot-dependencies,0.4923211336135864,0.43018361926078796
com.fasterxml.jackson.core:jackson-core,org.apache.flink:flink-shaded-jackson,0.6446064710617065,0.5193824768066406
com.fasterxml.jackson.core:jackson-core,com.google.code.gson:gson,0.6184839010238647,0.6802594661712646
com.fasterxml.jackson.core:jackson-databind,com.fasterxml.jackson:jackson-bom,0.7756827473640442,0.642680287361145
com.fasterxml.jackson.core:jackson-databind,org.springframework.boot:spring-boot-dependencies,0.4663058817386627,0.39171648025512695
com.fasterxml.jackson.core:jackson-databind,org.springframework.boot:spring-boot-starter-parent,0.4571681022644043,0.6088801622390747
com.fasterxml.jackson.core:jackson-databind,org.codehaus.jackson:jackson-mapper-asl,0.6795615553855896,0.7647926807403564
com.fasterxml.jackson.core:jackson-databind,org.codehaus.jackson:jackson-core-asl,0.6985952854156494,0.6801110506057739
com.fasterxml.jackson.core:jackson-databind,com.google.code.gson:gson,0.6017957925796509,0.7828136682510376
com.github.cliftonlabs:json-simple,org.apache.camel:json-simple-ordered,0.6688411831855774,0.7133245468139648
com.github.cliftonlabs:json-simple,org.json:json,0.7218135595321655,0.771090567111969
com.googlecode.jmockit:jmockit,org.jmockit:jmockit,0.8459891080856323,0.9812127351760864
com.googlecode.jmockit:jmockit,org.mockito:mockito-core,0.7122271656990051,0.763169527053833
com.googlecode.json-simple:json-simple,com.github.cliftonlabs:json-simple,0.8754941821098328,0.9221231937408447
com.googlecode.json-simple:json-simple,com.fasterxml.jackson.core:jackson-core,0.6380324959754944,0.6829134821891785
com.googlecode.json-simple:json-simple,com.fasterxml.jackson.core:jackson-databind,0.6463440656661987,0.6905540227890015
com.googlecode.json-simple:json-simple,net.minidev:json-smart,0.6352919936180115,0.7739590406417847
com.googlecode.json-simple:json-simple,com.google.code.gson:gson,0.6459289193153381,0.7652264833450317
com.googlecode.json-simple:json-simple,com.alibaba:fastjson,0.5307817459106445,0.6959121823310852
com.google.code.findbugs:findbugs,com.github.spotbugs:spotbugs,0.748203456401825,0.7079336643218994
com.google.code.findbugs:findbugs,com.vaadin:vaadin-shared-deps,0.37698841094970703,0.27621325850486755
com.google.code.findbugs:findbugs,org.apache.httpcomponents:httpcore-osgi,0.4794161915779114,0.39754483103752136
com.google.code.findbugs:findbugs,com.qulice:qulice-findbugs,0.6902376413345337,0.6763784289360046
com.google.code.findbugs:findbugs,com.qulice:qulice-pmd,0.5351083874702454,0.6700717210769653
com.google.code.gson:gson,com.fasterxml.jackson.core:jackson-databind,0.6017957925796509,0.7828136682510376
com.google.code.gson:gson,com.squareup.moshi:moshi,0.5864447951316833,0.6207849383354187
com.google.code.gson:gson,com.fasterxml.jackson.core:jackson-core,0.6184839010238647,0.6802594661712646
com.google.code.gson:gson,com.alibaba:fastjson,0.5272579193115234,0.7121104598045349
com.google.code.gson:gson,org.springframework.boot:spring-boot-starter-web,0.40580809116363525,0.37777236104011536
com.google.code.gson:gson,org.jboss.resteasy:resteasy-jackson2-provider,0.47469213604927063,0.5922347903251648
com.google.code.gson:gson,com.fasterxml.jackson.core:jackson-annotations,0.5808336734771729,0.6957218647003174
com.google.code.gson:gson,com.squareup.retrofit2:retrofit,0.5494035482406616,0.6134904623031616
com.google.code.gson:gson,com.squareup.retrofit2:converter-scalars,0.49727746844291687,0.5742477774620056
com.google.code.gson:gson,com.squareup.retrofit2:converter-gson,0.6371405124664307,0.5953351259231567
com.google.code.svenson:svenson,com.google.code.gson:gson,0.6506751775741577,0.7196117639541626
com.google.collections:google-collections,com.google.guava:guava,0.8534008264541626,0.8248392939567566
com.google.collections:google-collections,org.apache.hbase:hbase-client,0.5324159860610962,0.5200537443161011
com.google.collections:google-collections,org.seleniumhq.selenium:selenium-common,0.5092365145683289,0.5535619854927063
com.google.collections:google-collections,org.seleniumhq.selenium:selenium-htmlunit-driver,0.44071611762046814,0.4759162962436676
com.google.collections:google-collections,org.seleniumhq.selenium:selenium-ie-driver,0.3728639483451843,0.42249253392219543
com.google.collections:google-collections,org.seleniumhq.selenium:selenium-server,0.43187007308006287,0.45684322714805603
com.google.collections:google-collections,org.testng:testng,0.3693843185901642,0.4502337872982025
com.google.collections:google-collections,org.apache.hadoop:hadoop-client,0.4917164444923401,0.5777755379676819
com.google.guava:guava,com.github.ben-manes.caffeine:caffeine,0.6239588856697083,0.7417727112770081
com.google.guava:guava,org.apache.commons:commons-lang3,0.5569623708724976,0.6015996932983398
com.google.guava:guava,org.glassfish.jersey.bundles.repackaged:jersey-guava,0.6764581203460693,0.6367961764335632
com.google.guava:guava,cz.seznam.euphoria:shaded-guava,0.676120936870575,0.5997161865234375
com.google.guava:guava,org.springframework.boot:spring-boot-starter-test,0.40992972254753113,0.3964832127094269
com.google.guava:guava,org.springframework.cloud:spring-cloud-dependencies,0.38582560420036316,0.47781461477279663
com.google.guava:guava,com.google.code.findbugs:jsr305,0.7267242670059204,0.7037519216537476
com.google.guava:guava,org.apache.hbase.thirdparty:hbase-shaded-miscellaneous,0.5653801560401917,0.5360994935035706
com.google.inject:guice,com.google.dagger:dagger,0.7528188228607178,0.6199876666069031
com.google.inject:guice,org.springframework:spring-context,0.45441460609436035,0.4817543029785156
com.google.inject:guice,org.springframework:spring-core,0.509337842464447,0.4532791078090668
com.google.inject:guice,javax.inject:javax.inject,0.6805851459503174,0.7980737090110779
com.google.inject:guice,org.springframework:spring-aop,0.40778079628944397,0.6598570346832275
com.google.inject:guice,cglib:cglib,0.454587459564209,0.5293906331062317
com.h2database:h2,org.springframework.boot:spring-boot-starter-test,0.4321507513523102,0.3935430347919464
com.h2database:h2,org.apache.derby:derby,0.6106771230697632,0.6563734412193298
com.h2database:h2,mysql:mysql-connector-mxj,0.44304782152175903,0.6425857543945312
com.h2database:h2,org.hsqldb:hsqldb,0.7421364188194275,0.7903896570205688
com.h2database:h2,org.springframework.cloud:spring-cloud-dependencies,0.3647531569004059,0.37510788440704346
com.h2database:h2,org.springframework.boot:spring-boot-dependencies,0.4246286153793335,0.38550588488578796
com.h2database:h2,org.ikasan:ikasan-h2-standalone-persistence,0.6023962497711182,0.684807538986206
com.hazelcast:hazelcast-client,org.ehcache:ehcache-clustered,0.6239734292030334,0.7545039653778076
com.hazelcast:hazelcast-client,org.springframework.data:spring-data-keyvalue,0.445144921541214,0.6324506998062134
com.hazelcast:hazelcast-client,javax.cache:cache-api,0.544015645980835,0.6851226091384888
com.hazelcast:hazelcast-client,org.ehcache.modules:ehcache-core,0.5783448219299316,0.6719509959220886
com.hazelcast:hazelcast-client,org.infinispan:infinispan-osgi,0.5159816145896912,0.6575896739959717
com.itextpdf:itextpdf,com.lowagie:itext,0.8015932440757751,0.8552247881889343
com.itextpdf:itextpdf,org.apache.pdfbox:pdfbox,0.7415852546691895,0.7718442678451538
com.itextpdf:itextpdf,org.mockito:mockito-all,0.436760276556015,0.4568890929222107
com.itextpdf:itextpdf,org.springframework.boot:spring-boot-starter-security,0.347167044878006,0.32769525051116943
com.itextpdf:itextpdf,org.springframework.boot:spring-boot-starter-web,0.38703110814094543,0.33180010318756104
com.jayway.jsonpath:json-path,org.springframework.boot:spring-boot-starter-web,0.3283674120903015,0.3584984838962555
com.jayway.jsonpath:json-path,org.springframework.boot:spring-boot-starter-json,0.6194139122962952,0.5366811752319336
com.jayway.jsonpath:json-path,org.springframework.boot:spring-boot-starter-test,0.369228720664978,0.35829922556877136
com.jayway.jsonpath:json-path,org.mybatis.spring.boot:mybatis-spring-boot-starter,0.3419107496738434,0.3362058103084564
com.jayway.jsonpath:json-path,de.codecentric:spring-boot-admin-starter-client,0.33513396978378296,0.35188713669776917
com.jayway.jsonpath:json-path,org.springframework.boot:spring-boot-starter-cloud-connectors,0.40338313579559326,0.37259986996650696
com.jayway.jsonpath:json-path,com.taxonic.carml:carml-logical-source-resolver-jsonpath,0.5713568925857544,0.6469103097915649
com.lowagie:itext,com.itextpdf:itextpdf,0.8015932440757751,0.8552247881889343
com.lowagie:itext,com.github.librepdf:openpdf,0.5824081301689148,0.7426360845565796
com.lowagie:itext,com.itextpdf:itext-pdfa,0.6951526999473572,0.7900353074073792
com.lowagie:itext,org.xhtmlrenderer:flying-saucer-pdf-openpdf,0.531794011592865,0.7472507953643799
com.lowagie:itext,org.sejda:sejda-sambox,0.5914648771286011,0.7240743041038513
com.lowagie:itext,org.xhtmlrenderer:flying-saucer-fop,0.48718157410621643,0.593738317489624
com.lowagie:itext,fr.opensagres.xdocreport:org.apache.poi.xwpf.converter.xhtml-gae,0.5662030577659607,0.599474310874939
com.lowagie:itext,org.apache.activemq:activemq-all,0.41612526774406433,0.4094652235507965
com.spotify:hamcrest-optional,org.hamcrest:hamcrest,0.6941841840744019,0.9065164923667908
com.squareup.okhttp3:okhttp,org.springframework.cloud:spring-cloud-starter-netflix-spectator,0.38106319308280945,0.3654799461364746
com.squareup.okhttp3:okhttp,org.springframework.cloud:spring-cloud-starter-netflix-turbine-amqp,0.3291999399662018,0.3163134753704071
com.squareup.okhttp3:okhttp,org.springframework.cloud:spring-cloud-starter-netflix-turbine,0.3481973707675934,0.31783628463745117
com.squareup.okhttp3:okhttp,org.springframework.cloud:spring-cloud-starter-netflix-hystrix-dashboard,0.3515572249889374,0.3671174645423889
com.squareup.okhttp3:okhttp,org.springframework.cloud:spring-cloud-starter-netflix-eureka-client,0.38196203112602234,0.39926308393478394
com.squareup.okhttp3:okhttp,org.springframework.cloud:spring-cloud-starter-netflix-zuul,0.34950897097587585,0.3743816614151001
com.squareup.okhttp3:okhttp,org.springframework.cloud:spring-cloud-starter-openfeign,0.3659483790397644,0.42459237575531006
com.squareup.okhttp3:okhttp,org.apache.nifi:nifi-grpc-nar,0.3530113995075226,0.29503801465034485
com.squareup.okhttp3:okhttp,org.apache.nifi:nifi-rethinkdb-nar,0.34022948145866394,0.2651482820510864
com.squareup.okhttp3:okhttp,com.squareup.retrofit2:retrofit,0.759258508682251,0.5972020030021667
com.squareup.okhttp3:okhttp,org.apache.httpcomponents:httpclient,0.5500945448875427,0.6950483918190002
com.thoughtworks.xstream:xstream,com.fasterxml.jackson.dataformat:jackson-dataformat-xml,0.6401001811027527,0.7403965592384338
com.thoughtworks.xstream:xstream,com.sun.xml.bind:jaxb-impl,0.6031168699264526,0.6531582474708557
com.thoughtworks.xstream:xstream,org.jboss.integration-platform:jboss-integration-platform-bom,0.37276026606559753,0.3743153214454651
com.thoughtworks.xstream:xstream,org.infinispan:infinispan-defaults-maven-plugin,0.41368189454078674,0.3624655306339264
com.thoughtworks.xstream:xstream,org.infinispan:infinispan-feature-pack-server,0.3800959289073944,0.6136840581893921
concurrent:concurrent,backport-util-concurrent:backport-util-concurrent,0.6995984315872192,0.7900876402854919
concurrent:concurrent,org.apache.axis2:axis2-kernel,0.3319999575614929,0.5449517965316772
concurrent:concurrent,org.apache.axis2:axis2-adb-codegen,0.28973811864852905,0.5127989649772644
concurrent:concurrent,org.apache.axis2:axis2-java2wsdl,0.2777717411518097,0.5458433628082275
concurrent:concurrent,org.apache.axis2:axis2-adb,0.3092947006225586,0.5170450210571289
concurrent:concurrent,org.apache.axis2:rampart,0.3287825584411621,0.5294983386993408
concurrent:concurrent,org.apache.axis2:axis2-codegen,0.266654372215271,0.5381066203117371
concurrent:concurrent,org.apache.axis2:axis2-kernel,0.3319999575614929,0.5449517965316772
concurrent:concurrent,org.apache.axis2:axis2-adb-codegen,0.28973811864852905,0.5127989649772644
concurrent:concurrent,org.apache.axis2:axis2-java2wsdl,0.2777717411518097,0.5458433628082275
concurrent:concurrent,org.apache.axis2:axis2-adb,0.3092947006225586,0.5170450210571289
concurrent:concurrent,org.apache.axis2:rampart,0.3287825584411621,0.5294983386993408
concurrent:concurrent,org.apache.axis2:axis2-codegen,0.266654372215271,0.5381066203117371
concurrent:concurrent,org.apache.axis2:axis2-kernel,0.3319999575614929,0.5449517965316772
concurrent:concurrent,org.apache.axis2:axis2-adb-codegen,0.28973811864852905,0.5127989649772644
concurrent:concurrent,org.apache.axis2:axis2-java2wsdl,0.2777717411518097,0.5458433628082275
concurrent:concurrent,org.apache.axis2:axis2-adb,0.3092947006225586,0.5170450210571289
concurrent:concurrent,org.apache.axis2:rampart,0.3287825584411621,0.5294983386993408
concurrent:concurrent,org.apache.axis2:axis2-codegen,0.266654372215271,0.5381066203117371
concurrent:concurrent,org.apache.axis2:axis2-kernel,0.3319999575614929,0.5449517965316772
concurrent:concurrent,org.apache.axis2:axis2-adb-codegen,0.28973811864852905,0.5127989649772644
concurrent:concurrent,org.apache.axis2:axis2-java2wsdl,0.2777717411518097,0.5458433628082275
concurrent:concurrent,org.apache.axis2:axis2-adb,0.3092947006225586,0.5170450210571289
concurrent:concurrent,org.apache.axis2:rampart,0.3287825584411621,0.5294983386993408
concurrent:concurrent,org.apache.axis2:axis2-codegen,0.266654372215271,0.5381066203117371
dom4j:dom4j,org.dom4j:dom4j,0.9092118740081787,0.9582496881484985
dom4j:dom4j,org.springframework.boot:spring-boot-starter-web,0.33152562379837036,0.3956482410430908
dom4j:dom4j,io.spring.platform:platform-bom,0.3090817630290985,0.42231807112693787
dom4j:dom4j,org.springframework.boot:spring-boot-dependencies,0.33814284205436707,0.3271937966346741
dumbster:dumbster,org.subethamail:subethasmtp-wiser,0.34211090207099915,0.730193018913269
dumbster:dumbster,org.subethamail:subethasmtp,0.30732813477516174,0.7475860714912415
easymock:easymock,org.easymock:easymock,0.8253373503684998,0.9666876196861267
easymock:easymock,org.mockito:mockito-core,0.540948748588562,0.7420047521591187
easymock:easymock,org.apache.wicket:wicket-native-websocket-core,0.2680153250694275,0.3297268748283386
easymock:easymock,org.apache.wicket:wicket-native-websocket-jetty,0.270961195230484,0.575432300567627
easymock:easymock,org.apache.wicket:wicket-native-websocket-tomcat,0.2460073083639145,0.5612035393714905
easymock:easymock,org.apache.wicket:wicket-bootstrap,0.22958005964756012,0.6246829628944397
freemarker:freemarker,org.freemarker:freemarker,0.846001148223877,0.94107586145401
freemarker:freemarker,net.sf.apt-jelly:apt-jelly-freemarker,0.6530842185020447,0.630043625831604
groovy:groovy-all,org.codehaus.groovy:groovy-all,0.8746339082717896,0.9022359848022461
groovy:groovy-all,org.codehaus.gmaven.runtime:gmaven-runtime-1.7,0.516294002532959,0.6645386815071106
groovy:groovy-all,org.codehaus.mojo.groovy:groovy-mojo-support,0.6550326347351074,0.6557561755180359
groovy:groovy-all,org.apache.bsf:bsf-api,0.3785041868686676,0.5826436877250671
groovy:groovy-all,org.apache.bsf:bsf-utils,0.37582388520240784,0.49226003885269165
hsqldb:hsqldb,org.hsqldb:hsqldb,0.8940469026565552,0.9670935273170471
hsqldb:hsqldb,com.h2database:h2,0.719871997833252,0.7835094928741455
hsqldb:hsqldb,org.apache.derby:derby,0.6043400168418884,0.7231394052505493
hsqldb:hsqldb,org.glassfish.main.extras:glassfish-embedded-all,0.41186532378196716,0.6098931431770325
httpunit:httpunit,org.httpunit:httpunit,0.8970677852630615,0.7277080416679382
httpunit:httpunit,net.sourceforge.htmlunit:htmlunit,0.7276566028594971,0.8011598587036133
httpunit:httpunit,org.apache.tomcat.embed:tomcat-embed-core,0.4449482560157776,0.7302759289741516
httpunit:httpunit,org.eclipse.jetty:jetty-server,0.4807014763355255,0.73671555519104
httpunit:httpunit,net.sourceforge.jwebunit:jwebunit-htmlunit-plugin,0.7377726435661316,0.656412661075592
httpunit:httpunit,junit:junit,0.610024094581604,0.615126371383667
io.netty:netty,org.asynchttpclient:async-http-client,0.4767855703830719,0.6019093990325928
io.netty:netty-all,org.apache.flink:flink-shaded-netty,0.6445273160934448,0.6497888565063477
io.netty:netty-all,org.apache.hbase.thirdparty:hbase-shaded-netty,0.6217923760414124,0.6281909942626953
io.netty:netty-all,de.ruedigermoeller:netty2go,0.41303253173828125,0.493228554725647
io.netty:netty-all,org.apache.activemq:artemis-core-client,0.4619998633861542,0.5617445707321167
io.netty:netty-all,org.apache.activemq:artemis-jms-client,0.4372650384902954,0.5284872651100159
io.netty:netty-all,org.apache.activemq:activemq-core,0.4531337022781372,0.6195077300071716
io.netty:netty-all,org.apache.activemq:artemis-native,0.4624485969543457,0.5700717568397522
io.netty:netty-all,org.wso2.messaging:broker-rest-runner,0.38890907168388367,0.4725981652736664
io.netty:netty-all,org.apache.activemq:artemis-service-extensions,0.4014400243759155,0.5216932892799377
jasperreports:jasperreports,net.sf.jasperreports:jasperreports,0.7665010690689087,0.672961413860321
javassist:javassist,org.javassist:javassist,0.9013466238975525,0.9584368467330933
javassist:javassist,org.jboss.integration-platform:jboss-integration-platform-bom,0.36865490674972534,0.375973105430603
javassist:javassist,org.jboss.arquillian:arquillian-bom,0.3324349522590637,0.33902716636657715
javassist:javassist,org.jboss.weld:weld-core-impl,0.37897658348083496,0.6269970536231995
javassist:javassist,org.hibernate:hibernate-core,0.4955578148365021,0.5628232955932617
javassist:javassist,org.apache.activemq:activemq-core,0.36366453766822815,0.438696950674057
javassist:javassist,org.eclipse.jetty:jetty-jsp,0.4260602295398712,0.5655078887939453
javassist:javassist,org.mycore:mycore-classbrowser,0.3566841185092926,0.5159959197044373
javassist:javassist,org.springframework:spring-web,0.34123438596725464,0.5533735156059265
javassist:javassist,org.springframework.data:spring-data-jpa,0.41670605540275574,0.6090706586837769
javassist:javassist,org.hibernate.javax.persistence:hibernate-jpa-2.1-api,0.41729944944381714,0.4961748421192169
javassist:javassist,org.jboss.weld.servlet:weld-servlet-core,0.3666898310184479,0.45540139079093933
javassist:javassist,org.jboss.weld.module:weld-jsf,0.40947389602661133,0.39698177576065063
javax.servlet:servlet-api,org.springframework.boot:spring-boot-starter-web,0.5008801817893982,0.47144877910614014
javax.servlet:servlet-api,org.springframework.boot:spring-boot-starter-test,0.4211130440235138,0.35629838705062866
javax.servlet:servlet-api,org.springframework.boot:spring-boot-starter-actuator,0.4204985797405243,0.3832193911075592
javax.servlet:servlet-api,org.eclipse.jetty.orbit:javax.servlet,0.6745975017547607,0.6392204761505127
javax.servlet:servlet-api,org.jboss.spec.javax.servlet:jboss-servlet-api_3.0_spec,0.6816631555557251,0.630847692489624
javax.servlet:servlet-api,org.apache.geronimo.specs:geronimo-servlet_2.5_spec,0.6516983509063721,0.6215017437934875
javax.servlet:servlet-api,org.mortbay.jetty:servlet-api,0.8109346032142639,0.7084105014801025
javax.servlet:servlet-api,org.glassfish:javax.servlet,0.7292514443397522,0.6410064697265625
javax.servlet:servlet-api,org.apache.tomcat:servlet-api,0.8728514313697815,0.7630664706230164
jaxen:jaxen,org.jdom:jdom,0.6045987606048584,0.7356465458869934
jaxen:jaxen,org.dom4j:dom4j,0.5752505660057068,0.7663292288780212
jboss:javassist,org.jboss:javassist,0.9498932957649231,0.7213464379310608
jboss:javassist,org.javassist:javassist,0.7971310615539551,0.9456011652946472
jdom:jdom,org.jdom:jdom2,0.812741219997406,0.8780130743980408
jdom:jdom,xml-apis:xml-apis,0.528963565826416,0.7584558129310608
jline:jline,org.jline:jline,0.8447545170783997,0.9382872581481934
jline:jline,org.codehaus.groovy:groovy-groovysh,0.46659621596336365,0.6858989000320435
jline:jline,org.jline:jline-reader,0.8100437521934509,0.7329362034797668
jline:jline,org.jline:jline-terminal-jansi,0.7670270800590515,0.6707544326782227
jline:jline,org.jline:jline-terminal-jna,0.7736566066741943,0.641696572303772
jline:jline,org.jline:jline-terminal,0.7931234240531921,0.7454178929328918
jline:jline,org.jline:jline-builtins,0.7952304482460022,0.7042051553726196
jline:jline,org.fusesource.jansi:jansi,0.5248436331748962,0.5685535669326782
jmock:jmock,org.jmock:jmock,0.8557681441307068,0.95340895652771
jmock:jmock,org.jmock:jmock-junit4,0.7912147641181946,0.7030320167541504
jmock:jmock,org.mockito:mockito-core,0.7098587155342102,0.7602323889732361
jmock:jmock,org.xwiki.commons:xwiki-commons-test-component,0.405702143907547,0.5158346891403198
jmock:jmock,org.hamcrest:hamcrest-library,0.518416166305542,0.590698778629303
joda-time:joda-time,org.threeten:threetenbp,0.586799681186676,0.6231297850608826
joda-time:joda-time,com.fasterxml.jackson.datatype:jackson-datatype-jsr310,0.6095194220542908,0.6228024363517761
joda-time:joda-time,org.springframework.boot:spring-boot-dependencies,0.40232884883880615,0.39880824089050293
joda-time:joda-time,org.springframework.boot:spring-boot-starter-test,0.44003352522850037,0.34555724263191223
joda-time:joda-time,org.springframework.boot:spring-boot-starter-web,0.36279553174972534,0.32435083389282227
joda-time:joda-time,org.wildfly:wildfly-feature-pack,0.3394697308540344,0.3713686466217041
joda-time:joda-time,com.fasterxml.jackson.datatype:jackson-datatype-joda,0.7327602505683899,0.5623046159744263
joda-time:joda-time,com.fasterxml.jackson.datatype:jackson-datatype-jdk8,0.5864135026931763,0.5674780607223511
joda-time:joda-time,com.fasterxml.jackson.jaxrs:jackson-jaxrs-json-provider,0.5047986507415771,0.4104565680027008
junit:junit,org.junit.jupiter:junit-jupiter-api,0.7335159182548523,0.7660875916481018
junit:junit,org.junit.jupiter:junit-jupiter-engine,0.7309392094612122,0.7326812148094177
junit:junit,org.junit.jupiter:junit-jupiter,0.765024721622467,0.61304771900177
junit:junit,org.springframework.boot:spring-boot-starter-test,0.5310447812080383,0.440714031457901
junit:junit,org.testng:testng,0.505952000617981,0.7200430631637573
junit:junit,org.junit.vintage:junit-vintage-engine,0.7416576147079468,0.663760244846344
junit:junit,org.junit.platform:junit-platform-launcher,0.7369008660316467,0.6658012270927429
junit:junit,org.junit.platform:junit-platform-runner,0.7401633858680725,0.6227752566337585
junit:junit,org.junit.platform:junit-platform-surefire-provider,0.719154417514801,0.6040825247764587
junit:junit,org.mockito:mockito-junit-jupiter,0.6566048264503479,0.5986140370368958
junit:junit,org.hamcrest:hamcrest-core,0.6091366410255432,0.6561920642852783
junit:junit,org.eclipse.jetty.toolchain:jetty-test-helper,0.5406097769737244,0.483370304107666
jwebunit:jwebunit,net.sourceforge.jwebunit:jwebunit-htmlunit-plugin,0.831494927406311,0.7126045227050781
jwebunit:jwebunit,org.apache.httpcomponents:httpclient,0.4283982515335083,0.4624795615673065
jwebunit:jwebunit,org.apache.tiles:tiles-jsp,0.5092071294784546,0.4067293405532837
jwebunit:jwebunit,org.apache.tiles:tiles-servlet,0.43442556262016296,0.4131232798099518
jwebunit:jwebunit,org.apache.wicket:wicket-extensions,0.5081837177276611,0.45851951837539673
jwebunit:jwebunit,org.apache.tiles:tiles-api,0.4268155097961426,0.42243388295173645
jwebunit:jwebunit,org.apache.tiles:tiles-core,0.4452146291732788,0.4258739650249481
log4j:log4j,org.apache.logging.log4j:log4j-core,0.7995982766151428,0.8108291029930115
log4j:log4j,org.apache.logging.log4j:log4j-api,0.7716956734657288,0.7309331893920898
log4j:log4j,org.apache.logging.log4j:log4j-1.2-api,0.7374158501625061,0.6682683229446411
log4j:log4j,ch.qos.logback:logback-classic,0.6182485222816467,0.776351273059845
log4j:log4j,org.springframework.boot:spring-boot-starter-test,0.37947043776512146,0.3731597363948822
log4j:log4j,org.springframework.boot:spring-boot-starter-web,0.335546612739563,0.36329278349876404
log4j:log4j,org.springframework.boot:spring-boot-starter,0.4185355007648468,0.4432883560657501
log4j:log4j,org.slf4j:slf4j-log4j12,0.7612580060958862,0.72117018699646
log4j:log4j,org.apache.logging.log4j:log4j-slf4j-impl,0.7551506161689758,0.7115117311477661
log4j:log4j,org.slf4j:jul-to-slf4j,0.6744017004966736,0.6201075315475464
log4j:log4j,org.slf4j:jcl-over-slf4j,0.6856330633163452,0.6999969482421875
log4j:log4j,org.apache.logging.log4j:log4j-jcl,0.7963439226150513,0.6497312784194946
log4j:log4j,org.slf4j:slf4j-jcl,0.7184016108512878,0.6990125179290771
log4j:log4j,org.slf4j:slf4j-api,0.7032381892204285,0.7733383178710938
log4j:log4j,ch.qos.logback:logback-core,0.611983060836792,0.6988476514816284
log4j:log4j,org.slf4j:slf4j-simple,0.6756213307380676,0.731289803981781
log4j:log4j,org.slf4j:slf4j-jdk14,0.6605396270751953,0.6548515558242798
mockit:jmockit,org.springframework.security:spring-security-web,0.2866577208042145,0.5383932590484619
mockit:jmockit,org.springframework.security.oauth:spring-security-oauth2,0.2682377099990845,0.5638689398765564
mockit:jmockit,org.eclipse.jdt.compiler:tool,0.3466094732284546,0.6124098300933838
mockit:jmockit,org.dspace.dependencies.jmockit:dspace-jmockit,0.6508291363716125,0.5549359917640686
mockobjects:mockobjects-core,org.mockito:mockito-all,0.6677166819572449,0.6978431940078735
mockobjects:mockobjects-core,easymock:easymock,0.6344189643859863,0.7902052998542786
mysql:mysql-connector-java,org.mariadb.jdbc:mariadb-java-client,0.6753853559494019,0.6960309147834778
mysql:mysql-connector-java,org.springframework.cloud:spring-cloud-dependencies,0.2620399296283722,0.3929068148136139
mysql:mysql-connector-java,org.springframework.boot:spring-boot-dependencies,0.2873372733592987,0.3661077916622162
mysql:mysql-connector-java,org.mybatis.spring.boot:mybatis-spring-boot-starter,0.4700056314468384,0.4263332784175873
mysql:mysql-connector-java,org.springframework.boot:spring-boot-starter-test,0.29011210799217224,0.34865817427635193
nekohtml:nekohtml,net.sourceforge.nekohtml:nekohtml,0.792878270149231,0.9227914214134216
nekohtml:nekohtml,net.sourceforge.jwebunit:jwebunit-htmlunit-plugin,0.36739039421081543,0.39577820897102356
net.htmlparser.jericho:jericho-html,net.sourceforge.htmlunit:htmlunit,0.5507490634918213,0.5761544108390808
net.minidev:json-smart,org.slf4j:log4j-over-slf4j,0.3721397817134857,0.459839791059494
net.minidev:json-smart,com.alibaba:fastjson,0.5244202017784119,0.6900529265403748
net.sf.flexjson:flexjson,com.google.code.gson:gson,0.5028582811355591,0.7014933228492737
net.sf.flexjson:flexjson,org.apache.activemq:activemq-all,0.3463715612888336,0.36390894651412964
net.sf.json-lib:json-lib,com.fasterxml.jackson.core:jackson-databind,0.6418446898460388,0.7069724798202515
net.sf.json-lib:json-lib,com.fasterxml.jackson.core:jackson-core,0.6009044647216797,0.6583428382873535
net.sf.json-lib:json-lib,com.fasterxml.jackson.core:jackson-annotations,0.5730283260345459,0.6150327324867249
net.sf.json-lib:json-lib,com.google.code.gson:gson,0.5744962096214294,0.7253127098083496
net.sf.json-lib:json-lib,org.json:json,0.6414540410041809,0.7523928880691528
net.sf.json-lib:json-lib,com.sun.jersey:jersey-json,0.641395092010498,0.7951765656471252
net.sf.json-lib:json-lib,org.springframework.cloud:spring-cloud-dependencies,0.3063468337059021,0.5487064719200134
net.sf.json-lib:json-lib,de.codecentric:spring-boot-admin-dependencies,0.370327889919281,0.5228441953659058
net.sf.json-lib:json-lib,org.springframework.boot:spring-boot-dependencies,0.3721814453601837,0.40814197063446045
net.sf.json-lib:json-lib,io.spring.platform:platform-bom,0.36401990056037903,0.4425157606601715
net.sf.json-lib:json-lib,asm:asm-all,0.3055647015571594,0.46361514925956726
net.sf.saxon:saxon,net.sourceforge.saxon:saxon,0.8817688226699829,0.9404084086418152
net.sf.trove4j:trove4j,it.unimi.dsi:fastutil,0.523635983467102,0.6605298519134521
net.sf.trove4j:trove4j,com.carrotsearch:hppc,0.4734329581260681,0.6356873512268066
net.sf.trove4j:trove4j,com.google.guava:guava-collections,0.5393324494361877,0.702430784702301
net.sourceforge.collections:collections-generic,org.apache.commons:commons-collections4,0.5597402453422546,0.7991623878479004
net.sourceforge.collections:collections-generic,com.google.guava:guava,0.49789664149284363,0.6251711249351501
net.sourceforge.collections:collections-generic,com.google.collections:google-collections,0.6319352388381958,0.7128342390060425
net.sourceforge.nekohtml:nekohtml,nu.validator.htmlparser:htmlparser,0.45289692282676697,0.7606345415115356
net.sourceforge.saxon:saxon,net.sf.saxon:Saxon-HE,0.7998024821281433,0.7232930660247803
net.sourceforge.saxon:saxon,net.sf.saxon:saxon-dom,0.7833291292190552,0.6654910445213318
net.sourceforge.saxon:saxon,org.apache.xmlbeans:xmlbeans,0.5918684601783752,0.668473482131958
net.sourceforge.saxon:saxon,stax:stax-api,0.581912100315094,0.7072288990020752
org.antlr:antlr,org.antlr:antlr4,0.9331108331680298,0.7741235494613647
org.antlr:antlr4-runtime,com.tunnelvisionlabs:antlr4-runtime,0.823701024055481,0.764517605304718
org.apache.cassandra:cassandra-all,com.facebook.presto.cassandra:cassandra-server,0.6935181617736816,0.693428099155426
org.apache.cassandra:cassandra-all,org.springframework.cloud:spring-cloud-starter-stream-kafka,0.42018482089042664,0.6215727925300598
org.apache.cassandra:cassandra-all,org.springframework.cloud:spring-cloud-starter-stream-rabbit,0.3560912013053894,0.5858582854270935
org.apache.commons:commons-collections4,com.google.guava:guava,0.5881638526916504,0.6495031118392944
org.apache.commons:commons-collections4,com.joyent.manta:java-manta-client-unshaded,0.4293926954269409,0.5302264094352722
org.apache.commons:commons-collections4,org.springframework.boot:spring-boot-starter-web,0.3431260883808136,0.39265361428260803
org.apache.commons:commons-collections4,org.springframework.boot:spring-boot-starter-test,0.4243634045124054,0.3962179124355316
org.apache.commons:commons-collections4,org.springframework.boot:spring-boot-starter-aop,0.42397499084472656,0.41977277398109436
org.apache.commons:commons-collections4,org.springframework.boot:spring-boot-starter-thymeleaf,0.3451225757598877,0.622255265712738
org.apache.commons:commons-collections4,org.mybatis.spring.boot:mybatis-spring-boot-starter,0.3453976511955261,0.389712393283844
org.apache.commons:commons-collections4,de.codecentric:spring-boot-admin-starter-client,0.32972803711891174,0.3718712031841278
org.apache.commons:commons-lang3,org.springframework.boot:spring-boot-starter-test,0.4291840195655823,0.3806537985801697
org.apache.commons:commons-lang3,org.springframework.boot:spring-boot-starter-web,0.36632612347602844,0.3677484691143036
org.apache.commons:commons-lang3,org.springframework.boot:spring-boot-starter-thymeleaf,0.37347686290740967,0.4710842967033386
org.apache.commons:commons-lang3,org.springframework.boot:spring-boot-dependencies,0.4461848735809326,0.46109622716903687
org.apache.commons:commons-lang3,commons-lang:commons-lang,0.8492524027824402,0.9234731793403625
org.apache.commons:commons-lang3,org.eclipse.jetty:jetty-util,0.46119454503059387,0.529638409614563
org.apache.deltaspike.core:deltaspike-core-api,org.mockito:mockito-all,0.3890712559223175,0.4221498370170593
org.apache.deltaspike.core:deltaspike-core-api,org.jboss.weld.se:weld-se-core,0.5789374113082886,0.6541309952735901
org.apache.deltaspike.core:deltaspike-core-api,com.blazebit:blaze-persistence-integration-deltaspike-data-impl,0.6431332230567932,0.6068974733352661
org.apache.deltaspike.core:deltaspike-core-api,com.blazebit:blaze-persistence-integration-deltaspike-data-api,0.6957265734672546,0.6148859858512878
org.apache.deltaspike.core:deltaspike-core-api,org.picketlink:picketlink-javaee-6.0-with-deltaspike,0.6780781745910645,0.6044878959655762
org.apache.deltaspike.core:deltaspike-core-api,org.apache.deltaspike.distribution:distributions-bom,0.7497004270553589,0.7396605610847473
org.apache.deltaspike.core:deltaspike-core-api,org.picketlink:picketlink,0.561287522315979,0.6572436690330505
org.apache.deltaspike.core:deltaspike-core-api,org.picketlink:picketlink-javaee-6.0,0.5489317178726196,0.5789791941642761
org.apache.deltaspike.core:deltaspike-core-api,org.demoiselle.jee:demoiselle-security,0.5009219646453857,0.581197202205658
org.apache.deltaspike.core:deltaspike-core-impl,org.apache.geronimo.config:geronimo-config-impl,0.6215591430664062,0.6125033497810364
org.apache.deltaspike.core:deltaspike-core-impl,org.jboss.weld:weld-core-impl,0.7643564939498901,0.5768484473228455
org.apache.deltaspike.core:deltaspike-core-impl,com.blazebit:blaze-persistence-integration-deltaspike-data-api,0.6731442809104919,0.6499338746070862
org.apache.deltaspike.core:deltaspike-core-impl,com.blazebit:blaze-persistence-integration-deltaspike-data-impl,0.7257817983627319,0.6798328161239624
org.apache.deltaspike.core:deltaspike-core-impl,org.picketlink:picketlink,0.543982982635498,0.6832106113433838
org.apache.deltaspike.core:deltaspike-core-impl,org.picketlink:picketlink-javaee-6.0,0.542468786239624,0.6009777784347534
org.apache.deltaspike.core:deltaspike-core-impl,org.jboss.shrinkwrap.descriptors:shrinkwrap-descriptors-bom,0.5559282302856445,0.49067211151123047
org.apache.derby:derby,com.h2database:h2,0.6106771230697632,0.6563734412193298
org.apache.derby:derby,org.hsqldb:hsqldb,0.6876736879348755,0.739911675453186
org.apache.derby:derbyclient,com.h2database:h2,0.5755200386047363,0.5648251175880432
org.apache.derby:derbyclient,org.postgresql:postgresql,0.567695677280426,0.5956248044967651
org.apache.derby:derbyclient,com.wix:wix-embedded-mysql,0.3632000684738159,0.506668210029602
org.apache.derby:derbyclient,org.apache.geronimo.configs:derby,0.7269582152366638,0.7572640180587769
org.apache.hbase:hbase,com.sun.jersey:jersey-bundle,0.41898298263549805,0.6751728057861328
org.apache.hbase:hbase,co.cask.hbase:hbase,0.7042598128318787,0.6156237125396729
org.apache.hbase:hbase-client,com.google.cloud.bigtable:bigtable-hbase-1.x,0.7020843029022217,0.7160624861717224
org.apache.hbase:hbase-client,org.apache.atlas:atlas-hbase-client-shaded,0.7557036280632019,0.6358092427253723
org.apache.hbase:hbase-client,org.apache.atlas:atlas-hbase-server-shaded,0.6922850608825684,0.6332007646560669
org.apache.hbase:hbase-server,com.google.cloud.bigtable:bigtable-hbase-1.0,0.6633970737457275,0.6636601686477661
org.apache.hbase:hbase-server,org.apache.atlas:atlas-hbase-client-shaded,0.6523603200912476,0.5587046146392822
org.apache.hbase:hbase-server,com.google.cloud.bigtable:bigtable-hbase-mapreduce,0.6541028022766113,0.6562294960021973
org.apache.httpcomponents:httpclient,com.squareup.okhttp3:okhttp,0.5500945448875427,0.6950483918190002
org.apache.httpcomponents:httpclient,org.springframework.cloud:spring-cloud-starter-consul,0.3669804632663727,0.41234585642814636
org.apache.httpcomponents:httpclient,org.springframework.boot:spring-boot-starter-data-jpa,0.3378464877605438,0.38236525654792786
org.apache.httpcomponents:httpclient,org.springframework.boot:spring-boot-starter-security,0.3676522374153137,0.39682117104530334
org.apache.httpcomponents:httpclient,io.spring.platform:platform-bom,0.3218366503715515,0.4016552269458771
org.apache.httpcomponents:httpclient,io.dropwizard:dropwizard-client,0.4836159944534302,0.5134862661361694
org.apache.httpcomponents:httpclient,com.github.sevntu-checkstyle:sevntu-checks,0.39685699343681335,0.5126354694366455
org.apache.httpcomponents:httpclient,org.sonatype.nexus:nexus-client-core,0.5299575328826904,0.5579492449760437
org.apache.httpcomponents:httpclient,org.apache.cxf:cxf-rt-rs-client,0.49981948733329773,0.5597103238105774
org.apache.httpcomponents:httpclient,com.networknt:client,0.48566076159477234,0.5815497636795044
org.apache.httpcomponents:httpclient,com.fasterxml.jackson.core:jackson-databind,0.5097589492797852,0.5315981507301331
org.apache.httpcomponents:httpclient,commons-codec:commons-codec,0.5605022311210632,0.5054342746734619
org.apache.httpcomponents:httpclient,org.springframework.boot:spring-boot-devtools,0.37407204508781433,0.3965771198272705
org.apache.httpcomponents:httpclient,io.federecio:dropwizard-swagger,0.2880653738975525,0.44696202874183655
org.apache.httpcomponents:httpclient,io.gravitee.am.service:gravitee-am-service,0.2444101721048355,0.3623723089694977
org.apache.httpcomponents:httpclient,io.dropwizard:dropwizard-auth,0.39569342136383057,0.49040302634239197
org.apache.httpcomponents:httpclient,com.sap.cloud:neo-java-web-api,0.3963814675807953,0.4720403850078583
org.apache.httpcomponents:httpclient,org.apache.cxf:cxf-rt-rs-client,0.49981948733329773,0.5597103238105774
org.apache.httpcomponents:httpclient,com.blazegraph:bigdata-core,0.3544255495071411,0.4005984663963318
org.apache.httpcomponents:httpclient,commons-httpclient:commons-httpclient,0.7855489253997803,0.8441067934036255
org.apache.httpcomponents:httpclient,io.vertx:vertx-rx-java2,0.3314255475997925,0.4961417019367218
org.apache.httpcomponents:httpcore,org.apache.httpcomponents.core5:httpcore5,0.8582985401153564,0.747429370880127
org.apache.httpcomponents:httpcore,com.squareup.okhttp3:okhttp,0.5018298625946045,0.6107043623924255
org.apache.httpcomponents:httpcore,org.eclipse.jetty:jetty-client,0.5549238324165344,0.5286558270454407
org.apache.httpcomponents:httpcore,de.codecentric:spring-boot-admin-starter-client,0.36573469638824463,0.3887646496295929
org.apache.httpcomponents:httpcore,org.springframework.cloud:spring-cloud-starter-consul,0.38049566745758057,0.3917005658149719
org.apache.httpcomponents:httpcore,net.ltgt.jaxrs:resteasy-client-okhttp3,0.44282305240631104,0.4923916459083557
org.apache.httpcomponents:httpcore,org.apache.geronimo.bundles:httpcore,0.8147408962249756,0.6382948160171509
org.apache.httpcomponents:httpmime,org.eclipse.jetty:jetty-client,0.556952178478241,0.5174759030342102
org.apache.httpcomponents:httpmime,com.squareup.okhttp3:okhttp,0.5177382826805115,0.5697873830795288
org.apache.httpcomponents:httpmime,io.dropwizard:dropwizard-forms,0.4289804995059967,0.6372950077056885
org.apache.httpcomponents:httpmime,io.dropwizard:dropwizard-client,0.4464990794658661,0.4488195478916168
org.apache.httpcomponents:httpmime,org.springframework.boot:spring-boot-starter-test,0.38888123631477356,0.39802974462509155
org.apache.logging.log4j:log4j-api,org.slf4j:slf4j-api,0.836304783821106,0.7826107740402222
org.apache.logging.log4j:log4j-api,org.springframework.boot:spring-boot-starter-log4j2,0.6632549166679382,0.5778470635414124
org.apache.logging.log4j:log4j-api,org.springframework.boot:spring-boot-dependencies,0.4758986830711365,0.49287357926368713
org.apache.logging.log4j:log4j-core,log4j:log4j,0.7995982766151428,0.8108291029930115
org.apache.logging.log4j:log4j-core,org.springframework.boot:spring-boot-starter-log4j2,0.7095852494239807,0.6112333536148071
org.apache.logging.log4j:log4j-core,org.springframework.boot:spring-boot-dependencies,0.49512186646461487,0.5398486852645874
org.apache.logging.log4j:log4j-core,org.springframework.boot:spring-boot-starter,0.4996340870857239,0.44121959805488586
org.apache.logging.log4j:log4j-core,ch.qos.logback:logback-classic,0.6148011088371277,0.698938250541687
org.apache.logging.log4j:log4j-core,org.slf4j:slf4j-api,0.7635511159896851,0.701608419418335
org.apache.logging.log4j:log4j-core,org.slf4j:log4j-over-slf4j,0.7893917560577393,0.6820576786994934
org.apache.logging.log4j:log4j-core,org.slf4j:jcl-over-slf4j,0.7280184030532837,0.6716612577438354
org.apache.logging.log4j:log4j-core,org.slf4j:jul-to-slf4j,0.6876317858695984,0.5780154466629028
org.apache.logging.log4j:log4j-core,org.slf4j:slf4j-simple,0.724166989326477,0.6705344319343567
org.apache.logging.log4j:log4j-core,org.springframework.boot:spring-boot-starter-web,0.3729410767555237,0.3903040885925293
org.apache.logging.log4j:log4j-core,org.springframework.boot:spring-boot-starter-test,0.4787755608558655,0.37494373321533203
org.apache.logging.log4j:log4j-core,org.springframework.boot:spring-boot-starter-actuator,0.4046865701675415,0.42099690437316895
org.apache.logging.log4j:log4j-core,org.springframework.boot:spring-boot-starter-thymeleaf,0.4049997627735138,0.39887186884880066
org.apache.logging.log4j:log4j-core,org.springframework.boot:spring-boot-starter-tomcat,0.4922093152999878,0.5635371208190918
org.apache.logging.log4j:log4j-core,org.springframework.boot:spring-boot-devtools,0.41325220465660095,0.37533843517303467
org.apache.logging.log4j:log4j-core,org.projectlombok:lombok,0.5207849740982056,0.625053882598877
org.apache.logging.log4j:log4j-core,commons-io:commons-io,0.581803023815155,0.6472269296646118
org.apache.logging.log4j:log4j-slf4j-impl,org.springframework.boot:spring-boot-starter-log4j2,0.6983622908592224,0.6289516687393188
org.apache.logging.log4j:log4j-slf4j-impl,org.slf4j:slf4j-log4j12,0.8415617346763611,0.8638606071472168
org.apache.logging.log4j:log4j-slf4j-impl,ch.qos.logback:logback-classic,0.5914209485054016,0.710110068321228
org.apache.logging.log4j:log4j-slf4j-impl,org.slf4j:slf4j-jdk14,0.7461135387420654,0.7423269748687744
org.apache.logging.log4j:log4j-slf4j-impl,org.slf4j:jul-to-slf4j,0.7392796277999878,0.6632032990455627
org.apache.logging.log4j:log4j-slf4j-impl,org.slf4j:jcl-over-slf4j,0.7796702980995178,0.756477952003479
org.apache.lucene:lucene-core,org.elasticsearch:elasticsearch,0.5706798434257507,0.6799085736274719
org.apache.lucene:lucene-core,org.apache.solr:solr,0.7319974899291992,0.6817612051963806
org.apache.lucene:lucene-core,com.blazegraph:bigdata-core,0.5368975400924683,0.4461284875869751
org.apache.lucene:lucene-core,org.hibernate:hibernate-search-orm,0.5024734139442444,0.656725287437439
org.apache.lucene:lucene-core,org.mycore:mycore-indexing,0.5340501666069031,0.6766313314437866
org.apache.lucene:lucene-core,org.apache.archiva:maven2-repository,0.42944756150245667,0.49348703026771545
org.apache.lucene:lucene-core,org.springframework.boot:spring-boot-starter-data-redis,0.35125070810317993,0.5791146755218506
org.apache.lucene:lucene-core,org.springframework.boot:spring-boot-starter-validation,0.3383482098579407,0.5946686863899231
org.apache.lucene:lucene-core,org.springframework.boot:spring-boot-starter-thymeleaf,0.34412842988967896,0.3432997763156891
org.apache.lucene:lucene-core,org.springframework.boot:spring-boot-starter-aop,0.3909793496131897,0.31943926215171814
org.apache.lucene:lucene-core,org.springframework.boot:spring-boot-devtools,0.358465313911438,0.3140174448490143
org.apache.lucene:lucene-core,org.uberfire:uberfire-parent-with-dependencies,0.40709060430526733,0.48546069860458374
org.apache.lucene:lucene-core,org.infinispan:infinispan-defaults-maven-plugin,0.43915870785713196,0.32540401816368103
org.apache.lucene:lucene-core,org.apache.servicemix.bundles:org.apache.servicemix.bundles.lucene,0.6900808811187744,0.5495896935462952
org.apache.mahout:mahout-core,org.codehaus.groovy:groovy-all,0.47490835189819336,0.41533368825912476
org.apache.mahout:mahout-core,org.apache.commons:commons-math3,0.6332076787948608,0.5466740131378174
org.apache.pdfbox:pdfbox,org.sejda:sambox,0.6119846105575562,0.7311887741088867
org.apache.pdfbox:pdfbox,com.qwazr:qwazr-search,0.3503780961036682,0.6945905089378357
org.apache.pdfbox:pdfbox,io.spring.platform:platform-bom,0.3710246980190277,0.4277240037918091
org.apache.pdfbox:pdfbox,org.springframework.boot:spring-boot-dependencies,0.3751336932182312,0.3658367395401001
org.apache.pdfbox:pdfbox,de.codecentric:spring-boot-admin-dependencies,0.32905420660972595,0.34571629762649536
org.apache.velocity:velocity,org.springframework.boot:spring-boot-starter-thymeleaf,0.47021180391311646,0.36284923553466797
org.apache.velocity:velocity,org.springframework.boot:spring-boot-starter-mustache,0.5256125330924988,0.5527520775794983
org.apache.velocity:velocity,org.springframework.boot:spring-boot-starter-web,0.4150136709213257,0.34937620162963867
org.apache.velocity:velocity,org.springframework.boot:spring-boot-starter-test,0.40831196308135986,0.3115634620189667
org.apache.velocity:velocity,org.springframework.boot:spring-boot-starter-tomcat,0.4980265200138092,0.33825474977493286
org.apache.velocity:velocity,io.pebbletemplates:pebble-spring-boot-2-starter,0.33517858386039734,0.4037508964538574
org.apache.velocity:velocity,org.jtwig:jtwig-spring-boot-starter,0.4527791738510132,0.5345231890678406
org.apache.velocity:velocity,com.alibaba.boot:velocity-spring-boot-starter,0.718670666217804,0.6064757108688354
org.bushe:eventbus,org.springframework:spring-context,0.30195894837379456,0.4187396466732025
org.bushe:eventbus,org.sejda:eventstudio,0.5494306087493896,0.7566133737564087
org.bushe:eventbus,org.reactfx:reactfx,0.31443679332733154,0.47022393345832825
org.bushe:eventbus,org.mockito:mockito-all,0.2740453779697418,0.4374513030052185
org.codehaus.castor:castor,org.springframework:spring-oxm,0.5641552805900574,0.7037065029144287
org.codehaus.castor:castor,org.springframework:spring-jpa,0.4411725103855133,0.6772024631500244
org.codehaus.castor:castor,xerces:xercesImpl,0.49462857842445374,0.6157969832420349
org.codehaus.castor:castor,org.apache.geronimo.modules:geronimo-j2ee,0.4690137505531311,0.3825697898864746
org.codehaus.castor:castor,org.apache.geronimo.bundles:castor,0.7628090977668762,0.6779627799987793
org.codehaus.castor:castor,org.apache.ws.commons.schema:XmlSchema,0.5297612547874451,0.7275047302246094
org.codehaus.groovy:groovy,org.springframework.boot:spring-boot-starter-mustache,0.4019511640071869,0.38285812735557556
org.codehaus.groovy:groovy,org.jbehave:jbehave-groovy,0.6002489328384399,0.6556606292724609
org.codehaus.groovy:groovy,org.elasticsearch.module:lang-groovy,0.5183528065681458,0.5687775611877441
org.codehaus.groovy:groovy-all,org.elasticsearch.module:lang-groovy,0.5070732831954956,0.529606819152832
org.codehaus.groovy:groovy-all,io.syndesis.extension:extension-api,0.19701188802719116,0.49869588017463684
org.codehaus.groovy:groovy-all,io.syndesis.extension:extension-annotation-processor,0.26501065492630005,0.47754940390586853
org.codehaus.groovy:groovy-all,org.springframework.boot:spring-boot-starter-data-mongodb,0.3544410467147827,0.4819251000881195
org.codehaus.groovy:groovy-all,io.syndesis.extension:extension-bom,0.26634928584098816,0.44880229234695435
org.codehaus.jackson:jackson-core-asl,com.fasterxml.jackson.core:jackson-core,0.7725260257720947,0.8582547307014465
org.codehaus.jackson:jackson-core-asl,com.fasterxml.jackson.module:jackson-module-jaxb-annotations,0.6686270236968994,0.7443599700927734
org.codehaus.jackson:jackson-core-asl,com.fasterxml.jackson:jackson-bom,0.6785643100738525,0.6291202902793884
org.codehaus.jackson:jackson-core-asl,com.fasterxml.jackson.core:jackson-databind,0.6985952854156494,0.6801110506057739
org.codehaus.jackson:jackson-core-asl,org.apache.hbase:hbase-shaded-client,0.41371282935142517,0.6038774847984314
org.codehaus.jackson:jackson-mapper-asl,com.fasterxml.jackson.core:jackson-databind,0.6795615553855896,0.7647926807403564
org.codehaus.jackson:jackson-mapper-asl,com.fasterxml.jackson.module:jackson-module-jaxb-annotations,0.669657826423645,0.7365068197250366
org.codehaus.jackson:jackson-mapper-asl,com.fasterxml.jackson.datatype:jackson-datatype-joda,0.665448009967804,0.5971879959106445
org.codehaus.jackson:jackson-mapper-asl,com.fasterxml.jackson.datatype:jackson-datatype-guava,0.6324120163917542,0.5898995399475098
org.codehaus.jackson:jackson-mapper-asl,com.fasterxml.jackson.jaxrs:jackson-jaxrs-base,0.6500424146652222,0.5811492204666138
org.codehaus.jackson:jackson-mapper-asl,com.fasterxml.jackson.jaxrs:jackson-jaxrs-json-provider,0.6495106220245361,0.5766602754592896
org.codehaus.jackson:jackson-mapper-asl,org.springframework.boot:spring-boot-starter-web,0.33659687638282776,0.33540692925453186
org.codehaus.jackson:jackson-mapper-asl,com.fasterxml.jackson.core:jackson-core,0.7172952890396118,0.7323799133300781
org.codehaus.jackson:jackson-mapper-asl,com.fasterxml.jackson.core:jackson-annotations,0.7002565860748291,0.7257093191146851
org.codehaus.jackson:jackson-mapper-asl,com.fasterxml.jackson.dataformat:jackson-dataformat-smile,0.634747326374054,0.6436685919761658
org.codehaus.jackson:jackson-mapper-asl,com.fasterxml.jackson.dataformat:jackson-dataformat-xml,0.6680694222450256,0.6240649223327637
org.codehaus.jackson:jackson-mapper-asl,org.apache.commons:commons-lang3,0.5101624131202698,0.5082235932350159
org.codehaus.jackson:jackson-mapper-asl,org.assertj:assertj-core,0.46593746542930603,0.5284518003463745
org.codehaus.jackson:jackson-mapper-asl,com.google.http-client:google-http-client-jackson2,0.5712348222732544,0.49813199043273926
org.codehaus.jackson:jackson-mapper-asl,com.wordnik:swaggersocket-protocol,0.44205811619758606,0.41067972779273987
org.codehaus.jackson:jackson-mapper-asl,commons-io:commons-io,0.5492533445358276,0.43808847665786743
org.codehaus.jackson:jackson-mapper-asl,org.springframework.boot:spring-boot-starter-test,0.36984190344810486,0.3610093295574188
org.codehaus.jackson:jackson-mapper-asl,org.springframework.boot:spring-boot-starter-thymeleaf,0.32872918248176575,0.318250834941864
org.codehaus.jackson:jackson-mapper-asl,org.jboss.resteasy:resteasy-jackson2-provider,0.602275550365448,0.6205335855484009
org.codehaus.jackson:jackson-xc,com.fasterxml.jackson.module:jackson-module-jaxb-annotations,0.6778246164321899,0.7052543759346008
org.codehaus.jackson:jackson-xc,com.fasterxml.jackson.core:jackson-databind,0.6527695059776306,0.6884835958480835
org.codehaus.jackson:jackson-xc,org.apache.hbase:hbase-shaded-client,0.38967815041542053,0.4928760528564453
org.codehaus.jackson:jackson-xc,com.fasterxml.jackson.jaxrs:jackson-jaxrs-xml-provider,0.6091752052307129,0.6980737447738647
org.codehaus.jackson:jackson-xc,com.fasterxml.jackson.jaxrs:jackson-jaxrs-json-provider,0.6022849082946777,0.6311893463134766
org.codehaus.jackson:jackson-xc,javax.xml:jaxb-api,0.5283944010734558,0.719860851764679
org.codehaus.jettison:jettison,com.fasterxml.jackson.core:jackson-databind,0.6322983503341675,0.661785900592804
org.codehaus.jettison:jettison,org.glassfish.jersey.media:jersey-media-json-jackson,0.6151644587516785,0.7420749664306641
org.codehaus.jettison:jettison,javax.json:javax.json-api,0.5386096835136414,0.8157642483711243
org.codehaus.jettison:jettison,com.sun.jersey:jersey-json,0.6282510161399841,0.6463118195533752
org.codehaus.jettison:jettison,com.fasterxml.jackson.module:jackson-module-jaxb-annotations,0.6199519634246826,0.5743393898010254
org.codehaus.jettison:jettison,org.infinispan:infinispan-defaults-maven-plugin,0.423658549785614,0.32964596152305603
org.codehaus.woodstox:stax2-api,com.fasterxml.woodstox:woodstox-core,0.8269366025924683,0.7886735200881958
org.codehaus.woodstox:stax2-api,com.fasterxml.staxmate:staxmate,0.7323237061500549,0.7071357369422913
org.codehaus.woodstox:stax2-api,relaxngDatatype:relaxngDatatype,0.3496573269367218,0.7394581437110901
org.codehaus.woodstox:stax2-api,org.jboss.bom:jboss-javaee-6.0-with-transactions,0.4401736259460449,0.6204623579978943
org.codehaus.woodstox:stax2-api,com.sun.xsom:xsom,0.5757080912590027,0.6585344076156616
org.codehaus.woodstox:wstx-asl,com.fasterxml.woodstox:woodstox-core,0.8454360365867615,0.7550266981124878
org.codehaus.woodstox:wstx-asl,org.apache.servicemix.bundles:org.apache.servicemix.bundles.woodstox,0.7022404670715332,0.6707236766815186
org.codehaus.woodstox:wstx-asl,org.apache.servicemix.specs:org.apache.servicemix.specs.stax-api-1.0,0.553666889667511,0.6952194571495056
org.codehaus.woodstox:wstx-asl,org.apache.servicemix.bundles:org.apache.servicemix.bundles.xmlbeans,0.5317148566246033,0.6128291487693787
org.codehaus.woodstox:wstx-asl,org.jdom:jaxen-core,0.6348366141319275,0.7139649987220764
org.codehaus.woodstox:wstx-asl,org.jdom:jaxen-jdom,0.5867812037467957,0.6818975806236267
org.codehaus.woodstox:wstx-asl,org.jdom:saxpath,0.5754516124725342,0.631443202495575
org.dom4j:dom4j,io.netty:netty-all,0.4173680245876312,0.4301758110523224
org.dom4j:dom4j,com.luhuiguo:fastdfs-spring-boot-starter,0.4291468858718872,0.3438281714916229
org.dom4j:dom4j,org.jsoup:jsoup,0.5615248680114746,0.6177858114242554
org.dom4j:dom4j,xerces:xercesImpl,0.5079721212387085,0.7201276421546936
org.dom4j:dom4j,org.xmlunit:xmlunit-matchers,0.5585607290267944,0.7735973000526428
org.easymock:easymock,org.apache.maven.plugins:maven-install-plugin,0.2940727472305298,0.35176318883895874
org.easymock:easymock,org.infinispan:infinispan-defaults-maven-plugin,0.415882408618927,0.35769668221473694
org.easymock:easymock,org.mockito:mockito-core,0.6879363656044006,0.7562858462333679
org.easymock:easymock,org.powermock:powermock-api-mockito,0.644891619682312,0.6797640919685364
org.easytesting:fest-assert,org.assertj:assertj-core,0.6880969405174255,0.7155355215072632
org.easytesting:fest-assert,org.jboss.weld.module:weld-jsf,0.367269366979599,0.44943827390670776
org.easytesting:fest-assert,org.mockito:mockito-core,0.4990033805370331,0.6034958958625793
org.easytesting:fest-assert-core,org.assertj:assertj-core,0.738384485244751,0.7271803021430969
org.easytesting:fest-assert-core,org.junit.platform:junit-platform-surefire-provider,0.5373762845993042,0.526425838470459
org.easytesting:fest-assert-core,org.seleniumhq.selenium:selenium-ie-driver,0.39251580834388733,0.46311238408088684
org.easytesting:fest-assert-core,org.jboss.integration.platform:jboss-integration-platform-bom,0.353634238243103,0.3859802186489105
org.eclipse.persistence:eclipselink,org.apache.openjpa:openjpa,0.6204167008399963,0.665800154209137
org.elasticsearch:elasticsearch,org.elasticsearch.client:elasticsearch-rest-high-level-client,0.8523563146591187,0.7106360793113708
org.elasticsearch:elasticsearch,org.apache.lucene:lucene-core,0.5706798434257507,0.6799085736274719
org.elasticsearch:elasticsearch,org.infinispan:infinispan-gui-demo,0.36607882380485535,0.5306665301322937
org.elasticsearch:elasticsearch,org.springframework.boot:spring-boot-dependencies,0.4247059226036072,0.4630177915096283
org.freemarker:freemarker,org.springframework.boot:spring-boot-starter-test,0.46328938007354736,0.36950117349624634
org.freemarker:freemarker,org.springframework.boot:spring-boot-starter-web,0.45064622163772583,0.3975405693054199
org.freemarker:freemarker,org.mybatis.spring.boot:mybatis-spring-boot-starter,0.3719378709793091,0.36927133798599243
org.freemarker:freemarker,org.springframework.boot:spring-boot-starter-data-jpa,0.40634503960609436,0.400197297334671
org.freemarker:freemarker,org.springframework.boot:spring-boot-starter-security,0.4346499741077423,0.35139980912208557
org.freemarker:freemarker,org.apache.camel:camel-spring-boot-starter,0.42076238989830017,0.41127681732177734
org.freemarker:freemarker,org.springframework.boot:spring-boot-starter-parent,0.47094565629959106,0.3942252993583679
org.freemarker:freemarker,org.keycloak:keycloak-dependencies-server-all,0.39072686433792114,0.3417551517486572
org.freemarker:freemarker,org.jboss.integration-platform:jboss-integration-platform-bom,0.3392166793346405,0.3150062561035156
org.freemarker:freemarker,com.oracle.ozark.ext:ozark-freemarker,0.6551806330680847,0.5363007187843323
org.freemarker:freemarker,org.springframework.boot:spring-boot-devtools,0.4462112486362457,0.36775243282318115
org.freemarker:freemarker,javax.servlet:javax.servlet-api,0.4795195460319519,0.54276442527771
org.freemarker:freemarker,net.unit8.enkan:enkan-component-jackson,0.3759138286113739,0.4470342695713043
org.freemarker:freemarker,org.jboss.forge.addon:templates,0.46483299136161804,0.6487952470779419
org.freemarker:freemarker,net.sourceforge.pmd:pmd,0.5044018626213074,0.5352850556373596
org.freemarker:freemarker,org.codehaus.gmaven.runtime:gmaven-runtime-2.0,0.46544548869132996,0.3907009959220886
org.freemarker:freemarker,com.github.spullara.mustache.java:compiler,0.47096410393714905,0.6891887784004211
org.freemarker:freemarker,org.codehaus.groovy:groovy-eclipse-compiler,0.4188257157802582,0.29828163981437683
org.freemarker:freemarker,org.codehaus.groovy:groovy-eclipse-batch,0.3859767019748688,0.29678675532341003
org.freemarker:freemarker,org.springframework.boot:spring-boot-starter-test,0.46328938007354736,0.36950117349624634
org.freemarker:freemarker,org.springframework.boot:spring-boot-starter-web,0.45064622163772583,0.3975405693054199
org.freemarker:freemarker,org.mybatis.spring.boot:mybatis-spring-boot-starter,0.3719378709793091,0.36927133798599243
org.freemarker:freemarker,org.springframework.boot:spring-boot-starter-parent,0.47094565629959106,0.3942252993583679
org.freemarker:freemarker,org.springframework.boot:spring-boot-starter-data-jpa,0.40634503960609436,0.400197297334671
org.freemarker:freemarker,org.springframework.boot:spring-boot-starter-security,0.4346499741077423,0.35139980912208557
org.freemarker:freemarker,org.keycloak:keycloak-dependencies-server-all,0.39072686433792114,0.3417551517486572
org.freemarker:freemarker,org.jboss.integration-platform:jboss-integration-platform-bom,0.3392166793346405,0.3150062561035156
org.freemarker:freemarker,org.apache.camel:camel-spring-boot-starter,0.42076238989830017,0.41127681732177734
org.fusesource.jansi:jansi,org.jline:jline-terminal-jna,0.5080970525741577,0.5345392227172852
org.fusesource.jansi:jansi,org.jline:jline-builtins,0.528377890586853,0.5434010028839111
org.fusesource.jansi:jansi,org.infinispan:infinispan-defaults-maven-plugin,0.4834722578525543,0.35201120376586914
org.fusesource.jansi:jansi,org.infinispan.server:infinispan-server-feature-pack,0.4256226122379303,0.5779827833175659
org.fusesource.jansi:jansi,org.wildfly:wildfly-web-feature-pack,0.4187379479408264,0.6235712170600891
org.fusesource.jansi:jansi,org.wildfly:wildfly-feature-pack,0.438614159822464,0.40872839093208313
org.fusesource.jansi:jansi,org.apache.karaf.shell:org.apache.karaf.shell.console,0.5059524178504944,0.7476049065589905
org.hamcrest:hamcrest-all,org.assertj:assertj-core,0.6988381743431091,0.7235700488090515
org.hamcrest:hamcrest-all,org.junit.jupiter:junit-jupiter-engine,0.6045474410057068,0.6018428802490234
org.hamcrest:hamcrest-all,org.springframework.boot:spring-boot-starter-test,0.49310094118118286,0.49534279108047485
org.hamcrest:hamcrest-all,org.switchyard:switchyard-bom,0.4213030934333801,0.3786010146141052
org.hamcrest:hamcrest-all,org.junit:junit-bom,0.6188068389892578,0.6115339398384094
org.hamcrest:hamcrest-core,org.assertj:assertj-core,0.7293883562088013,0.676258385181427
org.hamcrest:hamcrest-core,org.easytesting:fest-assert-core,0.6442617774009705,0.696252703666687
org.hamcrest:hamcrest-core,org.springframework.boot:spring-boot-starter-test,0.4937880337238312,0.4472396969795227
org.hamcrest:hamcrest-core,org.springframework.boot:spring-boot-dependencies,0.38402095437049866,0.37526023387908936
org.hamcrest:hamcrest-library,org.assertj:assertj-core,0.6561825275421143,0.6619064807891846
org.hamcrest:hamcrest-library,com.google.truth:truth,0.5013555288314819,0.5469799637794495
org.hamcrest:hamcrest-library,org.easytesting:fest-assert-core,0.600108802318573,0.6579812169075012
org.hamcrest:hamcrest-library,org.springframework.boot:spring-boot-starter-test,0.49490925669670105,0.4576343297958374
org.hibernate.javax.persistence:hibernate-jpa-2.1-api,javax.persistence:javax.persistence-api,0.799927830696106,0.8290389776229858
org.hibernate.javax.persistence:hibernate-jpa-2.1-api,org.eclipse.persistence:javax.persistence,0.7162039279937744,0.6482145190238953
org.hibernate.javax.persistence:hibernate-jpa-2.1-api,org.wildfly:wildfly-parent,0.43037062883377075,0.6253327131271362
org.hibernate:hibernate-core,org.springframework.boot:spring-boot-starter-data-jpa,0.49255749583244324,0.4512530565261841
org.hibernate:hibernate-core,org.hibernate.javax.persistence:hibernate-jpa-2.1-api,0.6865426301956177,0.6979736685752869
org.hibernate:hibernate-core,org.springframework.data:spring-data-jpa,0.5271512269973755,0.5256791114807129
org.hibernate:hibernate-core,org.springframework:spring-orm,0.5969116687774658,0.5709245800971985
org.hibernate:hibernate-core,org.springframework:spring-tx,0.5030615329742432,0.4328245222568512
org.hibernate:hibernate-core,org.mybatis:mybatis,0.5167900323867798,0.58662348985672
org.hibernate:hibernate-core,org.mybatis:mybatis-spring,0.5164749622344971,0.5281316637992859
org.hibernate:hibernate-core,org.springframework:spring-jdbc,0.5740677714347839,0.5024527311325073
org.hibernate:hibernate-core,org.jboss.shrinkwrap.resolver:shrinkwrap-resolver-bom,0.39004525542259216,0.5395079851150513
org.hibernate:hibernate-core,org.springframework.boot:spring-boot-dependencies,0.4349084794521332,0.34407132863998413
org.hibernate:hibernate-entitymanager,org.springframework.boot:spring-boot-starter-data-jpa,0.5019380450248718,0.4536721110343933
org.hibernate:hibernate-entitymanager,org.springframework.boot:spring-boot-starter-test,0.36299940943717957,0.30982881784439087
org.hibernate:hibernate-entitymanager,org.springframework.boot:spring-boot-starter-web,0.31622228026390076,0.28952258825302124
org.hibernate:hibernate-entitymanager,org.springframework.boot:spring-boot-starter-security,0.35392487049102783,0.30701372027397156
org.hibernate:hibernate-entitymanager,org.springframework.boot:spring-boot-starter-actuator,0.3260711133480072,0.3167831003665924
org.hibernate:hibernate-entitymanager,org.springframework.boot:spring-boot-devtools,0.3716190755367279,0.32354649901390076
org.hibernate:hibernate-entitymanager,org.springframework.boot:spring-boot-starter-mail,0.3658919334411621,0.3097814917564392
org.hibernate:hibernate-entitymanager,org.springframework.boot:spring-boot-starter-data-mongodb,0.3714818060398102,0.24551543593406677
org.hibernate:hibernate-entitymanager,org.springframework.boot:spring-boot-starter-logging,0.3761158883571625,0.3336358368396759
org.hibernate:hibernate-entitymanager,org.springframework.boot:spring-boot-starter-jdbc,0.5057998895645142,0.39263617992401123
org.hibernate:hibernate-entitymanager,org.jboss.shrinkwrap.resolver:shrinkwrap-resolver-bom,0.3475082814693451,0.553723156452179
org.hibernate:hibernate-entitymanager,org.apache.openjpa:openjpa,0.4901810884475708,0.5526587963104248
org.hibernate:hibernate-entitymanager,org.eclipse.persistence:org.eclipse.persistence.jpa,0.5833551287651062,0.5932140350341797
org.hibernate:hibernate-entitymanager,net.bytebuddy:byte-buddy-dep,0.3274826407432556,0.6338109970092773
org.hibernate:hibernate-entitymanager,org.springframework:spring-context,0.41769590973854065,0.38172122836112976
org.hsqldb:hsqldb,com.h2database:h2,0.7421364188194275,0.7903896570205688
org.hsqldb:hsqldb,io.spring.platform:platform-bom,0.3652796149253845,0.3871610462665558
org.hsqldb:hsqldb,org.springframework.boot:spring-boot-starter-test,0.4086736738681793,0.3636656701564789
org.htmlparser:htmlparser,org.jsoup:jsoup,0.6019629836082458,0.7389613389968872
org.htmlparser:htmlparser,net.sourceforge.nekohtml:nekohtml,0.602086067199707,0.72905033826828
org.htmlparser:htmlparser,org.eclipse.jetty.aggregate:jetty-all,0.33211132884025574,0.35930100083351135
org.infinispan:infinispan-core,org.jboss.as:jboss-as-clustering-infinispan,0.6866259574890137,0.6055293083190918
org.infinispan:infinispan-core,org.jboss.integration-platform:jboss-integration-platform-bom,0.4185737371444702,0.3020869195461273
org.infinispan:infinispan-core,org.jboss.as:jboss-as-clustering,0.49802520871162415,0.5773801207542419
org.infinispan:infinispan-core,org.springframework.boot:spring-boot-autoconfigure,0.42797935009002686,0.6461490988731384
org.infinispan:infinispan-core,org.jboss.spec.javax.servlet:jboss-servlet-api_3.1_spec,0.39852210879325867,0.49559253454208374
org.infinispan:infinispan-core,org.jboss.logging:jboss-logging,0.4477261006832123,0.36142972111701965
org.infinispan:infinispan-core,junit:junit,0.419183611869812,0.46884769201278687
org.infinispan:infinispan-core,org.modeshape:modeshape-schematic,0.4559449553489685,0.627304196357727
org.infinispan:infinispan-core,org.modeshape.demo:modeshape-embedded-repo-demo,0.4644279479980469,0.5822502374649048
org.infinispan:infinispan-core,org.modeshape:modeshape-client,0.5386467576026917,0.6196772456169128
org.infinispan:infinispan-core,org.modeshape:modeshape-web-explorer,0.46034184098243713,0.5781513452529907
org.infinispan:infinispan-core,org.modeshape:modeshape-persistence-relational,0.48575547337532043,0.6224917769432068
org.infinispan:infinispan-core,org.modeshape:modeshape-web-cmis,0.5020819306373596,0.5732191205024719
org.infinispan:infinispan-core,org.modeshape.demo:modeshape-sequencers-demo,0.45207077264785767,0.4135473072528839
org.infinispan:infinispan-core,org.modeshape:modeshape-jcr-api,0.5185880661010742,0.6130352020263672
org.infinispan:infinispan-core,org.opensaml:openws,0.4501420557498932,0.5348857045173645
org.infinispan:infinispan-core,io.zipkin.java:zipkin-collector-kafka,0.3669678866863251,0.5367116332054138
org.infinispan:infinispan-core,org.jboss.as.plugins:jboss-as-maven-plugin,0.4074030816555023,0.6138799786567688
org.infinispan:infinispan-core,org.jboss.as:jboss-as-parent,0.4637798070907593,0.554324746131897
org.infinispan:infinispan-core,org.jboss.jbossts.jta:narayana-jta,0.4364091753959656,0.6924907565116882
org.javassist:javassist,org.jboss.classfilewriter:jboss-classfilewriter,0.5711846351623535,0.7656967043876648
org.javassist:javassist,asm:asm,0.2888280153274536,0.7260372042655945
org.javassist:javassist,org.ow2.asm:asm,0.6011914610862732,0.7723262310028076
org.javassist:javassist,org.infinispan:infinispan-defaults-maven-plugin,0.44838881492614746,0.37974509596824646
org.javassist:javassist,org.jboss.integration-platform:jboss-integration-platform-bom,0.40767407417297363,0.40095996856689453
org.javassist:javassist,org.jboss.forge:forge-javassist,0.7513018846511841,0.7070985436439514
org.jboss.arquillian.junit:arquillian-junit-container,org.jboss.arquillian:arquillian-bom,0.737296462059021,0.7091014385223389
org.jboss.arquillian.junit:arquillian-junit-container,org.jboss.shrinkwrap.resolver:shrinkwrap-resolver-bom,0.48810020089149475,0.4553263187408447
org.jboss.arquillian.junit:arquillian-junit-container,org.wildfly.arquillian:wildfly-arquillian-container-remote,0.7379797697067261,0.687453031539917
org.jboss.arquillian.junit:arquillian-junit-container,org.apache.camel:camel-test-cdi,0.4278300404548645,0.5825629830360413
org.jboss.arquillian.junit:arquillian-junit-container,org.jboss.arquillian.testng:arquillian-testng-container,0.7962395548820496,0.8432495594024658
org.jboss.arquillian.junit:arquillian-junit-container,org.springframework:spring-test,0.4328896105289459,0.644389271736145
org.jboss.arquillian.junit:arquillian-junit-container,org.seedstack.seed:seed-testing-junit4,0.47199031710624695,0.6639668941497803
org.jboss.arquillian.testng:arquillian-testng-container,org.jboss.arquillian:arquillian-bom,0.7010042667388916,0.6713709235191345
org.jboss.arquillian.testng:arquillian-testng-container,org.jboss.arquillian.junit:arquillian-junit-container,0.7962395548820496,0.8432495594024658
org.jboss.arquillian.testng:arquillian-testng-container,org.springframework:spring-test,0.45702069997787476,0.6298425793647766
org.jboss.arquillian.testng:arquillian-testng-container,org.junit.jupiter:junit-jupiter-params,0.4337581694126129,0.6973756551742554
org.jboss.shrinkwrap:shrinkwrap-api,org.jboss.arquillian:arquillian-bom,0.6140778064727783,0.6442384123802185
org.jboss.shrinkwrap:shrinkwrap-api,org.wildfly.swarm:jca-api,0.5899615287780762,0.6782867908477783
org.jboss.shrinkwrap:shrinkwrap-api,org.wildfly.swarm:undertow-api,0.6097902655601501,0.6636917591094971
org.jdom:jdom,jaxen:jaxen,0.6045987606048584,0.7356465458869934
org.jdom:jdom,xmlunit:xmlunit,0.48851561546325684,0.7150264382362366
org.jdom:jdom,org.wildfly:wildfly-parent,0.44729986786842346,0.4429630637168884
org.jdom:jdom2,org.apache.servicemix.bundles:org.apache.servicemix.bundles.jdom,0.6891734600067139,0.6910549402236938
org.jdom:jdom2,org.onosproject:onos-netconf-ctl,0.2925930917263031,0.5691076517105103
org.jdom:jdom2,org.onosproject:onos-netconf-api,0.30149227380752563,0.5025098323822021
org.jdom:jdom2,org.commonjava.maven.ext:pom-manipulation-io,0.5171277523040771,0.674721360206604
org.jdom:jdom2,org.commonjava.maven.ext:pom-manipulation-common,0.5240190029144287,0.563647449016571
org.jgrapht:jgrapht-core,com.thinkaurelius.titan:titan-all,0.5466939210891724,0.611544132232666
org.jgrapht:jgrapht-core,org.javabits.jgrapht:jgrapht-ext,0.8288564085960388,0.7895923852920532
org.jgrapht:jgrapht-core,org.aksw.jena-sparql-api:jena-sparql-api-jgrapht,0.720294713973999,0.6467811465263367
org.jmockit:jmockit,org.mockito:mockito-core,0.762531578540802,0.7670552134513855
org.jmockit:jmockit,org.powermock:powermock-api-mockito2,0.6880741119384766,0.7397634387016296
org.jmockit:jmockit,com.github.tomakehurst:wiremock-standalone,0.5401372909545898,0.6164522767066956
org.jmockit:jmockit,org.jetbrains.kotlin:kotlin-test-junit5,0.4983757734298706,0.580958902835846
org.jmockit:jmockit,org.springframework.boot:spring-boot-starter-data-jpa,0.3797377049922943,0.3463112413883209
org.jmockit:jmockit,org.powermock:powermock-module-junit4,0.6751770377159119,0.6389713883399963
org.jmockit:jmockit,org.springframework.boot:spring-boot-dependencies,0.3579028844833374,0.338338166475296
org.jmockit:jmockit,org.ldp4j.framework:ldp4j-application-bom,0.36601120233535767,0.27745044231414795
org.jmockit:jmockit,junit:junit,0.6266713738441467,0.6307045817375183
org.jmock:jmock,org.mockito:mockito-core,0.727205753326416,0.7672035694122314
org.jmock:jmock,org.hamcrest:hamcrest-all,0.570928156375885,0.6467143297195435
org.jmock:jmock,org.easymock:easymock,0.7478044629096985,0.7872306704521179
org.jmock:jmock,org.hamcrest:java-hamcrest,0.6036476492881775,0.7223007678985596
org.jmock:jmock,org.junit.jupiter:junit-jupiter-engine,0.5851783156394958,0.5429210662841797
org.jmock:jmock-junit4,org.mockito:mockito-all,0.6482623815536499,0.6337279677391052
org.jmock:jmock-junit4,org.mockito:mockito-core,0.6707579493522644,0.665094792842865
org.jmock:jmock-junit4,org.hamcrest:hamcrest-all,0.5448763370513916,0.5359933972358704
org.json:json,com.fasterxml.jackson.core:jackson-databind,0.5748598575592041,0.7294545769691467
org.json:json,com.google.code.gson:gson,0.6196536421775818,0.7748252153396606
org.json:json,com.alibaba:fastjson,0.5420142412185669,0.6987888813018799
org.json:json,org.apache.felix:org.apache.felix.utils,0.44989022612571716,0.6163104772567749
org.json:json,com.googlecode.json-simple:json-simple,0.7076700329780579,0.7797419428825378
org.json:json,org.apache.johnzon:johnzon-core,0.6208937764167786,0.710760235786438
org.json:json,com.fasterxml.jackson.core:jackson-core,0.6041202545166016,0.6982728242874146
org.json:json,com.vaadin.external.google:android-json,0.6127964854240417,0.5620352625846863
org.json:json,org.codehaus.jackson:jackson-mapper-asl,0.561151385307312,0.6429209113121033
org.json:json,org.apache.geronimo.specs:geronimo-json_1.1_spec,0.5542331337928772,0.54228675365448
org.jsoup:jsoup,io.knotx:knotx-junit,0.3436620533466339,0.28974348306655884
org.junit.jupiter:junit-jupiter-api,junit:junit,0.7335159182548523,0.7660875916481018
org.junit.jupiter:junit-jupiter-api,org.scalatest:scalatest_2.12,0.39035260677337646,0.45426204800605774
org.junit.jupiter:junit-jupiter-api,org.jetbrains.kotlin:kotlin-test-junit5,0.6146625876426697,0.5602858662605286
org.junit.jupiter:junit-jupiter-api,org.mockito:mockito-core,0.520310640335083,0.5866626501083374
org.junit.jupiter:junit-jupiter-api,org.springframework.boot:spring-boot-starter-data-mongodb-reactive,0.31561079621315,0.6190531253814697
org.junit.jupiter:junit-jupiter-api,org.junit.vintage:junit-vintage-engine,0.7423366904258728,0.6945306658744812
org.junit.jupiter:junit-jupiter-api,org.junit.platform:junit-platform-runner,0.7824169993400574,0.6573652029037476
org.junit.jupiter:junit-jupiter-api,io.ap4k:openshift-junit-starter,0.5045626163482666,0.4434298872947693
org.junit.jupiter:junit-jupiter-api,io.ap4k:kubernetes-junit-starter,0.5688328146934509,0.48974359035491943
org.junit.jupiter:junit-jupiter-api,com.nhaarman.mockitokotlin2:mockito-kotlin,0.4729616940021515,0.52906733751297
org.junit.jupiter:junit-jupiter-engine,org.junit.platform:junit-platform-console,0.7459681034088135,0.6825260519981384
org.junit.jupiter:junit-jupiter-engine,org.junit.vintage:junit-vintage-engine,0.8266586661338806,0.8264533281326294
org.junit.jupiter:junit-jupiter-engine,org.testcontainers:mssqlserver,0.384583443403244,0.4730612635612488
org.junit.jupiter:junit-jupiter-engine,info.cukes:cucumber-core,0.4127318859100342,0.6477376818656921
org.junit.jupiter:junit-jupiter-engine,org.testcontainers:postgresql,0.44800707697868347,0.4972045123577118
org.junit.jupiter:junit-jupiter-engine,cglib:cglib-nodep,0.326895147562027,0.4761688709259033
org.junit.jupiter:junit-jupiter-engine,info.cukes:cucumber-java,0.42637959122657776,0.5092265009880066
org.junit.jupiter:junit-jupiter-engine,io.ap4k:kubernetes-junit-starter,0.5050814151763916,0.4712514579296112
org.junit.jupiter:junit-jupiter-engine,org.springframework.boot:spring-boot-starter-tomcat,0.3605758547782898,0.3175724148750305
org.junit.jupiter:junit-jupiter-engine,io.ap4k:openshift-junit-starter,0.43626102805137634,0.4175739288330078
org.junit.jupiter:junit-jupiter-engine,org.junit:junit-bom,0.7575929760932922,0.6293743252754211
org.junit.vintage:junit-vintage-engine,org.junit.jupiter:junit-jupiter-engine,0.8266586661338806,0.8264533281326294
org.junit.vintage:junit-vintage-engine,org.junit.jupiter:junit-jupiter-migrationsupport,0.7285264730453491,0.6272874474525452
org.junit.vintage:junit-vintage-engine,org.hamcrest:hamcrest-all,0.5964996814727783,0.592143177986145
org.junit.vintage:junit-vintage-engine,org.junit:junit-bom,0.7475638389587402,0.6230370402336121
org.junit.vintage:junit-vintage-engine,fr.sii.ogham:ogham-spring-boot-starter-all,0.33711808919906616,0.264845609664917
org.junit.vintage:junit-vintage-engine,fr.sii.ogham:ogham-all,0.2340770661830902,0.24833858013153076
org.junit.vintage:junit-vintage-engine,io.vertx:vertx-junit5,0.6192045211791992,0.5557653903961182
org.junit.vintage:junit-vintage-engine,org.mockito:mockito-junit-jupiter,0.6406866312026978,0.5976574420928955
org.junit.vintage:junit-vintage-engine,com.nhaarman.mockitokotlin2:mockito-kotlin,0.48422181606292725,0.4780994653701782
org.junit.vintage:junit-vintage-engine,org.jetbrains.kotlin:kotlin-test-junit5,0.6199946403503418,0.5897678732872009
org.junit.vintage:junit-vintage-engine,org.junit.platform:junit-platform-runner,0.7593364119529724,0.7503909468650818
org.junit.vintage:junit-vintage-engine,org.junit.jupiter:junit-jupiter-params,0.7332859039306641,0.4855674207210541
org.junit.vintage:junit-vintage-engine,org.junit.platform:junit-platform-launcher,0.7480790019035339,0.7523905038833618
org.junit.vintage:junit-vintage-engine,org.hamcrest:hamcrest,0.5793818235397339,0.4465147852897644
org.junit.vintage:junit-vintage-engine,org.assertj:assertj-core,0.60924232006073,0.5409822463989258
org.junit.vintage:junit-vintage-engine,junit:junit,0.7416576147079468,0.663760244846344
org.lwjgl.lwjgl:lwjgl,org.lwjgl:lwjgl,0.9906631112098694,0.7484561800956726
org.lwjgl.lwjgl:lwjgl,org.lwjgl:lwjgl-opengl,0.8829924464225769,0.7848156094551086
org.lwjgl.lwjgl:lwjgl,org.lwjgl:lwjgl-platform,0.8963276147842407,0.7038963437080383
org.lwjgl.lwjgl:lwjgl,org.lwjgl:lwjgl-glfw,0.8967394828796387,0.7232368588447571
org.lwjgl.lwjgl:lwjgl,org.lwjgl:lwjgl-openal,0.7985736131668091,0.792312741279602
org.lwjgl.lwjgl:lwjgl,org.mini2Dx:mini2Dx-tiled,0.5178861618041992,0.6251047253608704
org.lwjgl.lwjgl:lwjgl,com.googlecode.soundlibs:jorbis,0.48399922251701355,0.6194329857826233
org.lwjgl.lwjgl:lwjgl,org.apache.pivot:pivot-wtk,0.5300421118736267,0.6570628881454468
org.lwjgl.lwjgl:lwjgl,org.apache.pivot:pivot-wtk-terra,0.4995536804199219,0.6311551928520203
org.lwjgl.lwjgl:lwjgl,org.apache.pivot:pivot-core,0.5325986742973328,0.6935743689537048
org.mockito:mockito-all,org.springframework.boot:spring-boot-starter-test,0.4774136543273926,0.4289538264274597
org.mockito:mockito-all,org.robolectric:android-all,0.6411873698234558,0.5525681376457214
org.mockito:mockito-all,org.powermock:powermock-api-mockito2,0.6325512528419495,0.6121401786804199
org.mockito:mockito-all,org.powermock:powermock-api-mockito,0.6767258048057556,0.711861789226532
org.mockito:mockito-core,org.springframework.boot:spring-boot-starter-test,0.46756958961486816,0.41324877738952637
org.mockito:mockito-core,org.springframework.boot:spring-boot-starter-web,0.32187363505363464,0.3407871127128601
org.mockito:mockito-core,org.springframework.boot:spring-boot-starter-logging,0.39916250109672546,0.36294227838516235
org.mockito:mockito-core,org.powermock:powermock-reflect,0.608654260635376,0.6250088810920715
org.mockito:mockito-core,org.powermock:powermock-core,0.7084044814109802,0.6866209506988525
org.mockito:mockito-core,org.powermock:powermock-api-support,0.6392810940742493,0.6580873727798462
org.mongodb:mongo-java-driver,org.springframework.boot:spring-boot-starter-data-mongodb,0.7499064207077026,0.6064115166664124
org.mongodb:mongo-java-driver,org.modeshape:modeshape-client,0.5282729864120483,0.4650009870529175
org.mongodb:mongo-java-driver,com.zaxxer:HikariCP,0.5230398774147034,0.5081716179847717
org.neo4j:neo4j,com.buschmais.xo:xo.neo4j.api,0.7442988753318787,0.6988238096237183
org.neo4j:neo4j,com.buschmais.jqassistant.plugin:graphml,0.4276534914970398,0.4905776381492615
org.neo4j:neo4j,com.tinkerpop.blueprints:blueprints-test,0.561893880367279,0.6032869219779968
org.ow2.asm:asm,asm:asm-commons,0.7058858871459961,0.7724024653434753
org.ow2.asm:asm,org.springframework:spring-core,0.5481605529785156,0.4927343428134918
org.ow2.asm:asm,io.airlift:bytecode,0.3426239490509033,0.7232695817947388
org.ow2.asm:asm,org.apache.flink:flink-shaded-asm,0.6221606135368347,0.5252622961997986
org.ow2.asm:asm,org.jboss.errai.bom:errai-bom,0.33168643712997437,0.531578540802002
org.ow2.asm:asm-all,org.apache.flink:flink-shaded-asm,0.6402795314788818,0.6068596839904785
org.ow2.asm:asm-all,org.apache.xbean:xbean-asm6-shaded,0.6585943698883057,0.6862303614616394
org.ow2.asm:asm-all,cglib:cglib,0.4820493757724762,0.5117979645729065
org.ow2.asm:asm-all,com.jtransc:jtransc-asm,0.7640935778617859,0.735888659954071
org.ow2.asm:asm-all,org.apache.kafka:connect-runtime,0.3887024521827698,0.6023125052452087
org.ow2.asm:asm-all,org.reflections:reflections,0.5857804417610168,0.5402733087539673
org.ow2.asm:asm-all,org.codehaus.plexus:plexus-java,0.47712236642837524,0.643457293510437
org.ow2.asm:asm-all,org.jinq:jinq-asm-rebased,0.6092848777770996,0.6495771408081055
org.ow2.asm:asm-all,asm:asm-all,0.6715425252914429,0.938452422618866
org.ow2.asm:asm-commons,asm:asm-commons,0.8100006580352783,0.813535213470459
org.ow2.asm:asm-commons,org.glassfish.hk2.external:asm-repackaged,0.644217848777771,0.5889160633087158
org.ow2.asm:asm-commons,io.datakernel:codegen,0.2721247673034668,0.645179271697998
org.parboiled:parboiled-java,org.antlr:antlr4-runtime,0.4251500070095062,0.5146961808204651
org.parboiled:parboiled-java,com.vladsch.flexmark:flexmark-profile-pegdown,0.43011143803596497,0.673758327960968
org.postgresql:postgresql,io.vertx:vertx-mysql-postgresql-client,0.5271356105804443,0.6307458281517029
org.postgresql:postgresql,org.avaje.ebeanorm:avaje-ebeanorm-spring,0.4534217119216919,0.5656029582023621
org.postgresql:postgresql,mysql:mysql-connector-java,0.4894982874393463,0.6889582872390747
org.powermock:powermock-api-mockito,org.mockito:mockito-core,0.6979935765266418,0.7437707781791687
org.powermock:powermock-api-mockito,org.mockito:mockito-all,0.6767258048057556,0.711861789226532
org.powermock:powermock-api-mockito,org.jboss.integration-platform:jboss-integration-platform-bom,0.34892815351486206,0.3180520832538605
org.powermock:powermock-module-junit4,org.mockito:mockito-core,0.6128473281860352,0.618232250213623
org.powermock:powermock-module-junit4,org.junit.jupiter:junit-jupiter-engine,0.5481811165809631,0.5205080509185791
org.powermock:powermock-module-junit4,org.springframework.boot:spring-boot-starter-test,0.4507002830505371,0.3915562927722931
org.powermock:powermock-module-junit4,org.jboss.integration-platform:jboss-integration-platform-bom,0.3513425886631012,0.3430462181568146
org.scannotation:scannotation,org.jboss.weld.se:weld-se,0.4196537137031555,0.6582015156745911
org.scannotation:scannotation,org.wildfly:wildfly-feature-pack,0.39015400409698486,0.4267038404941559
org.scannotation:scannotation,org.activiti:activiti-webapp-rest2,0.3881323039531708,0.6253969073295593
org.scribe:scribe,com.github.scribejava:scribejava-core,0.8071665167808533,0.7574111223220825
org.scribe:scribe,com.github.scribejava:scribejava-apis,0.792782187461853,0.8000026345252991
org.scribe:scribe,org.springframework.boot:spring-boot-starter-security,0.4020629823207855,0.3759019672870636
org.scribe:scribe,org.springframework.social:spring-social-config,0.5081186890602112,0.7798179388046265
org.scribe:scribe,org.apache.httpcomponents:httpclient,0.45300763845443726,0.5424399971961975
org.scribe:scribe,commons-codec:commons-codec,0.43765756487846375,0.3878326117992401
org.scribe:scribe,org.springframework.cloud:spring-cloud-dependencies,0.39377734065055847,0.405357301235199
org.seleniumhq.selenium:selenium-api,org.jboss.arquillian.selenium:selenium-bom,0.5856343507766724,0.6428855657577515
org.seleniumhq.selenium:selenium-api,org.jboss.arquillian.graphene:graphene-selenium,0.5499985218048096,0.5389255285263062
org.seleniumhq.selenium:selenium-api,org.jboss.arquillian.graphene:arquillian-graphene,0.38750872015953064,0.5274998545646667
org.seleniumhq.selenium:selenium-api,org.testng:testng,0.4166873097419739,0.46363040804862976
org.seleniumhq.selenium:selenium-java,org.jboss.arquillian.extension:arquillian-drone-webdriver-depchain,0.4140842854976654,0.5681017637252808
org.seleniumhq.selenium:selenium-java,com.vaadin:vaadin-testbench-core,0.3532789647579193,0.5774012804031372
org.seleniumhq.selenium:selenium-java,com.vaadin:vaadin-testbench-api,0.31668585538864136,0.5059504508972168
org.seleniumhq.selenium:selenium-java,org.jboss.arquillian.selenium:selenium-bom,0.5991126298904419,0.6199391484260559
org.seleniumhq.selenium:selenium-server,org.jboss.arquillian.extension:arquillian-drone-webdriver-depchain,0.4270368218421936,0.5529696345329285
org.seleniumhq.selenium:selenium-server,org.jboss.arquillian.selenium:selenium-bom,0.6196345686912537,0.5820713043212891
org.seleniumhq.selenium:selenium-server,org.jboss.arquillian:arquillian-bom,0.29945361614227295,0.341568261384964
org.seleniumhq.selenium:selenium-server,org.jboss.arquillian.extension:arquillian-drone-impl,0.3482135832309723,0.6503358483314514
org.seleniumhq.selenium:selenium-server,org.jboss.arquillian.ajocado:arquillian-ajocado-drone,0.3607945144176483,0.5646753311157227
org.seleniumhq.selenium:selenium-server,org.jboss.arquillian.extension:arquillian-drone-selenium-server,0.5893148183822632,0.6499723792076111
org.simpleframework:simple-xml,com.fasterxml.jackson.core:jackson-databind,0.5047277808189392,0.5798786282539368
org.simpleframework:simple-xml,org.apache.wink:wink-server,0.49801674485206604,0.6171424388885498
org.simpleframework:simple-xml,org.apache.wink:wink-common,0.5059318542480469,0.6930392384529114
org.simpleframework:simple-xml,org.codehaus.woodstox:woodstox-core-asl,0.6077223420143127,0.6472541093826294
org.slf4j:jcl-over-slf4j,ch.qos.logback:logback-classic,0.5897735357284546,0.7147704362869263
org.slf4j:jcl-over-slf4j,org.apache.logging.log4j:log4j-slf4j-impl,0.7796702980995178,0.756477952003479
org.slf4j:jcl-over-slf4j,org.apache.logging.log4j:log4j-jcl,0.8436354994773865,0.7817524671554565
org.slf4j:jcl-over-slf4j,org.springframework.boot:spring-boot-starter-logging,0.6044569611549377,0.5834939479827881
org.slf4j:jcl-over-slf4j,org.springframework.boot:spring-boot-starter-web,0.3664979040622711,0.4058026969432831
org.slf4j:jcl-over-slf4j,org.springframework.boot:spring-boot-starter-test,0.4774444103240967,0.4267302453517914
org.slf4j:jcl-over-slf4j,org.springframework.boot:spring-boot-starter-security,0.4251655042171478,0.49310562014579773
org.slf4j:jcl-over-slf4j,org.springframework.boot:spring-boot-starter-data-jpa,0.4415520429611206,0.5365850329399109
org.slf4j:jcl-over-slf4j,org.springframework.boot:spring-boot-starter-thymeleaf,0.38649818301200867,0.43840038776397705
org.slf4j:jcl-over-slf4j,org.springframework.boot:spring-boot-starter-aop,0.49844393134117126,0.48595669865608215
org.slf4j:jcl-over-slf4j,ch.qos.logback:logback-core,0.591651439666748,0.6596013903617859
org.slf4j:log4j-over-slf4j,org.springframework.boot:spring-boot-starter-security,0.40142133831977844,0.5001661777496338
org.slf4j:log4j-over-slf4j,org.springframework.boot:spring-boot-starter-data-jpa,0.4136812388896942,0.5413923263549805
org.slf4j:log4j-over-slf4j,org.springframework.boot:spring-boot-starter-test,0.46199607849121094,0.46922680735588074
org.slf4j:log4j-over-slf4j,org.springframework.boot:spring-boot-starter-mail,0.4095202386379242,0.4303758144378662
org.slf4j:log4j-over-slf4j,org.infinispan:infinispan-defaults-maven-plugin,0.42769894003868103,0.3922823965549469
org.slf4j:log4j-over-slf4j,org.apache.logging.log4j:log4j-to-slf4j,0.837151050567627,0.8122968077659607
org.slf4j:log4j-over-slf4j,org.apache.logging.log4j:log4j-1.2-api,0.6878153085708618,0.6956133246421814
org.slf4j:slf4j-android,com.github.tony19:logback-android-classic,0.6921424865722656,0.808554470539093
org.slf4j:slf4j-api,org.springframework.boot:spring-boot-starter-web,0.3935660719871521,0.3730175495147705
org.slf4j:slf4j-api,org.springframework.boot:spring-boot-starter-test,0.48471590876579285,0.3996543884277344
org.slf4j:slf4j-api,org.springframework.boot:spring-boot-starter-security,0.4078444540500641,0.49099987745285034
org.slf4j:slf4j-api,org.mybatis.spring.boot:mybatis-spring-boot-starter,0.357334703207016,0.355551540851593
org.slf4j:slf4j-api,org.springframework.boot:spring-boot-starter-thymeleaf,0.4023068845272064,0.3969806730747223
org.slf4j:slf4j-api,org.springframework.boot:spring-boot-starter-data-jpa,0.4200376272201538,0.5261144638061523
org.slf4j:slf4j-api,org.springframework.boot:spring-boot-starter-logging,0.6264849305152893,0.5524938702583313
org.slf4j:slf4j-api,org.springframework.boot:spring-boot-starter-tomcat,0.4834716022014618,0.515242338180542
org.slf4j:slf4j-api,org.springframework.boot:spring-boot-starter-aop,0.48592573404312134,0.4622032940387726
org.slf4j:slf4j-api,org.springframework.boot:spring-boot-starter-log4j2,0.6417292952537537,0.5391496419906616
org.slf4j:slf4j-api,org.apache.logging.log4j:log4j-api,0.836304783821106,0.7826107740402222
org.slf4j:slf4j-api,org.jboss.logging:jboss-logging,0.5381290316581726,0.6758131980895996
org.slf4j:slf4j-ext,org.jboss.errai.bom:errai-bom,0.35018375515937805,0.3785227835178375
org.slf4j:slf4j-ext,com.github.danielwegener:logback-kafka-appender,0.5097427368164062,0.7108259797096252
org.slf4j:slf4j-ext,org.jboss.logging:jboss-logging,0.5210326313972473,0.6015607714653015
org.slf4j:slf4j-jcl,ch.qos.logback:logback-classic,0.5911775827407837,0.7276749014854431
org.slf4j:slf4j-jcl,io.netty:netty-all,0.46975618600845337,0.5331803560256958
org.slf4j:slf4j-jcl,io.spring.platform:platform-bom,0.3856043219566345,0.4285694360733032
org.slf4j:slf4j-jcl,commons-logging:commons-logging,0.7241173386573792,0.7453672289848328
org.slf4j:slf4j-jdk14,ch.qos.logback:logback-classic,0.5502897500991821,0.6718801856040955
org.slf4j:slf4j-jdk14,org.apache.logging.log4j:log4j-slf4j-impl,0.7461135387420654,0.7423269748687744
org.slf4j:slf4j-jdk14,io.spring.platform:platform-bom,0.4218299984931946,0.4178905785083771
org.slf4j:slf4j-log4j12,org.apache.logging.log4j:log4j-slf4j-impl,0.8415617346763611,0.8638606071472168
org.slf4j:slf4j-log4j12,ch.qos.logback:logback-classic,0.590112030506134,0.7216007709503174
org.slf4j:slf4j-log4j12,org.springframework.boot:spring-boot-starter,0.4422970712184906,0.4467984437942505
org.slf4j:slf4j-log4j12,org.springframework.boot:spring-boot-starter-web,0.34194737672805786,0.3611268401145935
org.slf4j:slf4j-log4j12,org.springframework.boot:spring-boot-starter-test,0.45154041051864624,0.39055362343788147
org.slf4j:slf4j-log4j12,org.springframework.boot:spring-boot-starter-data-jpa,0.38194170594215393,0.496786892414093
org.slf4j:slf4j-log4j12,org.mybatis.spring.boot:mybatis-spring-boot-starter,0.3522743284702301,0.36593106389045715
org.slf4j:slf4j-log4j12,org.springframework.boot:spring-boot-starter-thymeleaf,0.3640957474708557,0.40434813499450684
org.slf4j:slf4j-nop,com.baomidou:mybatis-plus-boot-starter,0.3166601061820984,0.49691838026046753
org.slf4j:slf4j-nop,org.springframework:spring-test,0.4922180473804474,0.3657050132751465
org.slf4j:slf4j-nop,ru.yandex.qatools.allure:allure-bundle,0.32327771186828613,0.5463858246803284
org.slf4j:slf4j-nop,org.glassfish.jersey.bundles.repackaged:jersey-guava,0.4207824766635895,0.44567549228668213
org.slf4j:slf4j-nop,ch.qos.logback:logback-classic,0.547030508518219,0.6651293635368347
org.slf4j:slf4j-simple,ch.qos.logback:logback-classic,0.565669059753418,0.7087744474411011
org.slf4j:slf4j-simple,org.apache.logging.log4j:log4j-core,0.724166989326477,0.6705344319343567
org.slf4j:slf4j-simple,log4j:log4j,0.6756213307380676,0.731289803981781
org.slf4j:slf4j-simple,commons-logging:commons-logging,0.6597967147827148,0.6920718550682068
org.slf4j:slf4j-simple,org.apache.logging.log4j:log4j-slf4j-impl,0.7613918781280518,0.7602341175079346
org.sonatype.jline:jline,jline:jline,0.7948142886161804,0.9410558938980103
org.sonatype.jline:jline,org.jline:jline-terminal-jansi,0.6658600568771362,0.6713842153549194
org.sonatype.jline:jline,org.jline:jline-reader,0.6939427852630615,0.712004542350769
org.sonatype.jline:jline,org.jline:jline-terminal,0.688930332660675,0.7337978482246399
org.sonatype.jline:jline,org.codehaus.groovy:groovy-all,0.4706059396266937,0.4896101653575897
org.sonatype.sisu:sisu-guice,com.google.inject:guice,0.6828269362449646,0.6808112263679504
org.sonatype.sisu:sisu-guice,com.google.inject.extensions:guice-assistedinject,0.611285924911499,0.7222594022750854
org.sonatype.sisu:sisu-guice,com.google.inject.extensions:guice-multibindings,0.603187620639801,0.7325903177261353
org.swinglabs:swingx,net.java.dev.glazedlists:glazedlists_java15,0.4873725175857544,0.6287298202514648
org.swinglabs:swingx,org.jdesktop:beansbinding,0.4477154016494751,0.597508430480957
org.swinglabs:swingx,com.googlecode.vfsjfilechooser2:vfsjfilechooser2,0.5429584980010986,0.6725636124610901
org.swinglabs:swingx,de.huxhorn.sulky:de.huxhorn.sulky.buffers.table,0.4404394030570984,0.6849547028541565
org.testng:testng,org.junit.jupiter:junit-jupiter-engine,0.43639734387397766,0.614151656627655
org.testng:testng,junit:junit,0.505952000617981,0.7200430631637573
org.testng:testng,org.springframework.boot:spring-boot-starter-web,0.2227805256843567,0.3016130328178406
org.testng:testng,org.springframework.boot:spring-boot-starter-validation,0.22219359874725342,0.33927395939826965
org.testng:testng,org.springframework.boot:spring-boot-starter-test,0.4621926546096802,0.43681201338768005
org.xerial:sqlite-jdbc,com.h2database:h2,0.6129347085952759,0.5508083701133728
org.xerial:sqlite-jdbc,org.postgresql:postgresql,0.6511392593383789,0.6218475699424744
org.xerial:sqlite-jdbc,com.github.marcosemiao.log4jdbc:log4jdbc-utils,0.5656964778900146,0.6427149772644043
org.xerial:sqlite-jdbc,org.ehcache:ehcache-clustered,0.4575653672218323,0.36054152250289917
org.yaml:snakeyaml,com.fasterxml.jackson.dataformat:jackson-dataformat-yaml,0.6648116707801819,0.8055087924003601
org.yaml:snakeyaml,org.springframework.boot:spring-boot-starter-web,0.2631129026412964,0.2822817265987396
org.yaml:snakeyaml,org.springframework:spring-web,0.3052663505077362,0.37736672163009644
org.yaml:snakeyaml,org.yamcs:yamcs-api,0.49170273542404175,0.6083387732505798
org.yaml:snakeyaml,io.smallrye:smallrye-metrics,0.2931881248950958,0.5020984411239624
org.yaml:snakeyaml,com.fasterxml.jackson.core:jackson-databind,0.42877379059791565,0.629449725151062
pdfbox:pdfbox,org.apache.pdfbox:pdfbox,0.8642903566360474,0.9311511516571045
pdfbox:pdfbox,org.apache.tika:tika-parsers,0.5179955959320068,0.7679641246795654
postgresql:postgresql,org.postgresql:postgresql,0.6545255780220032,0.918107807636261
postgresql:postgresql,com.impossibl.pgjdbc-ng:pgjdbc-ng,0.5504430532455444,0.7221035957336426
postgresql:postgresql,org.apache.commons:commons-dbcp2,0.34740549325942993,0.3952486515045166
postgresql:postgresql,mysql:mysql-connector-java,0.2805699110031128,0.7067946791648865
postgresql:postgresql,com.h2database:h2,0.42813998460769653,0.5914899110794067
postgresql:postgresql,org.hsqldb:hsqldb,0.47302499413490295,0.6525933146476746
ru.yandex.qatools.properties:properties-loader,ru.qatools.commons:properties,0.755127489566803,0.7902928590774536
ru.yandex.qatools.properties:properties-loader,com.google.inject:guice,0.37526193261146545,0.5621387958526611
saxon:saxon,net.sf.saxon:Saxon-HE,0.7310892343521118,0.6912981271743774
saxon:saxon,net.sf.saxon:saxon,0.7887267470359802,0.9002023339271545
saxon:saxon,net.sf.saxon:saxon-jdom,0.6728335618972778,0.6158214807510376
saxon:saxon,xerces:xercesImpl,0.4933956563472748,0.6699016094207764
saxon:saxon,org.carrot2:morfologik-speller,0.3464626669883728,0.4048869013786316
saxon:saxon,org.apache.wicket:wicket-core,0.3475443720817566,0.5558051466941833
saxon:saxon,org.treetank:core,0.38336169719696045,0.5861755609512329
saxon:saxon,org.treetank:node,0.38769012689590454,0.5297185778617859
saxon:saxon,org.elasticsearch.client:elasticsearch-rest-client,0.19698655605316162,0.32774099707603455
saxon:saxon,org.treetank:xml,0.4867766797542572,0.6288022398948669
saxon:saxon,org.perfidix:perfidix,0.3723246157169342,0.47729378938674927
saxon:saxon,com.hp.hpl.jena:iri,0.40761035680770874,0.4468846619129181
saxon:saxon,org.apache.tinkerpop:tinkergraph-gremlin,0.31864774227142334,0.46659213304519653
saxon:saxon,org.apache.tinkerpop:gremlin-driver,0.3203129172325134,0.4181194305419922
saxon:saxon,org.apache.tinkerpop:gremlin-test,0.29935285449028015,0.28245508670806885
saxon:saxon,org.apache.tinkerpop:gremlin-core,0.3391304016113281,0.42151862382888794
saxon:saxon,org.testcontainers:testcontainers,0.28322866559028625,0.43491673469543457
saxon:saxon,com.github.johanneslichtenberger.sirix:sirix-core,0.5118406414985657,0.6476522088050842
saxon:saxon,org.apache.tinkerpop:spark-gremlin,0.28906840085983276,0.379098504781723
saxon:saxon,org.apache.tinkerpop:gremlin-server,0.3387317359447479,0.42050254344940186
velocity:velocity,org.apache.velocity:velocity,0.5496423840522766,0.9300196170806885
velocity:velocity,javax.servlet.jsp:jsp-api,0.15914884209632874,0.6549148559570312
woodstox:wstx-asl,com.sun.enterprise:stax-osgi,0.51852947473526,0.7338570356369019
woodstox:wstx-asl,org.apache.geronimo.framework:xmlbeans,0.44984742999076843,0.6165220737457275
woodstox:wstx-asl,org.springframework:spring-web,0.42211785912513733,0.38105419278144836
woodstox:wstx-asl,javax.xml.bind:jsr173_api,0.5031580924987793,0.7660992741584778
woodstox:wstx-asl,xml-apis:xml-apis,0.5582321882247925,0.615897536277771
woodstox:wstx-asl,org.codehaus.woodstox:wstx-asl,0.8192151784896851,0.9451335072517395
xalan:xalan,net.sf.saxon:Saxon-HE,0.505626380443573,0.5284854769706726
xalan:xalan,org.infinispan:infinispan-defaults-maven-plugin,0.19624421000480652,0.252419650554657
xalan:xalan,org.wildfly:wildfly-parent,0.22616861760616302,0.27128395438194275
xalan:xalan,org.mule.modules:mule-module-spring-config,0.28586849570274353,0.4452384412288666
xerces:xercesImpl,com.fasterxml.jackson.core:jackson-databind,0.3628077805042267,0.518139123916626
xerces:xercesImpl,org.apache.logging.log4j:log4j-api,0.3947734534740448,0.47226500511169434
xerces:xercesImpl,org.springframework:spring-context-support,0.37608546018600464,0.5851559638977051
xerces:xercesImpl,org.simpleframework:simple-xml,0.5320626497268677,0.6152557134628296
xerces:xercesImpl,org.opengis.cite.xerces:xercesImpl-xsd11,0.7095085382461548,0.6222119927406311
xpp3:xpp3,org.ogce:xpp3,0.7963208556175232,0.5725567936897278
xstream:xstream,com.thoughtworks.xstream:xstream,0.7476456165313721,0.8961225152015686
xstream:xstream,javax.xml.bind:jaxb-api,0.5129014253616333,0.6475095152854919
xstream:xstream,org.apache.geronimo.specs:geronimo-stax-api_1.0_spec,0.4611923098564148,0.6707991361618042
xstream:xstream,stax:stax-api,0.671483039855957,0.6565508246421814
org.reflections:reflections,io.github.classgraph:classgraph,0.48910725116729736,0.7220339775085449
org.reflections:reflections,io.github.lukehutch:fast-classpath-scanner,0.5516133308410645,0.6614298820495605
org.reflections:reflections,eu.infomas:annotation-detector,0.29475101828575134,0.7190201878547668
org.reflections:reflections,com.google.guava:guava,0.5519070625305176,0.5654487013816833
org.reflections:reflections,org.javassist:javassist,0.5386363863945007,0.5754601359367371
org.reflections:reflections,org.hibernate:hibernate-core,0.5100000500679016,0.5144727230072021
